tool,machine,wave,global_index,slice_index,dataset_name,dataset_dir,dataset_rel,family,subgroup,basename,pool,selection_mode,candidate_advantage_side,train_csv,valid_csv,id_test_csv,ood_test_csv,metadata_yaml,formula_py
pysr,iaaccn25,W3,151,1,MatSci3,/home/zhangziwen/sim-datasets-data/llm-srbench/matsci/MatSci3,sim-datasets-data/llm-srbench/matsci/MatSci3,llm-srbench,llm-srbench/matsci,MatSci3,B,one-sided,llmsr,/home/zhangziwen/sim-datasets-data/llm-srbench/matsci/MatSci3/train.csv,/home/zhangziwen/sim-datasets-data/llm-srbench/matsci/MatSci3/valid.csv,/home/zhangziwen/sim-datasets-data/llm-srbench/matsci/MatSci3/id_test.csv,/home/zhangziwen/sim-datasets-data/llm-srbench/matsci/MatSci3/ood_test.csv,/home/zhangziwen/sim-datasets-data/llm-srbench/matsci/MatSci3/metadata.yaml,/home/zhangziwen/sim-datasets-data/llm-srbench/matsci/MatSci3/formula.py
pysr,iaaccn25,W3,152,2,first_principles_tully_fisher,/home/zhangziwen/sim-datasets-data/srbench2025/firstprinciples/first_principles_tully_fisher,sim-datasets-data/srbench2025/firstprinciples/first_principles_tully_fisher,srbench2025,srbench2025/firstprinciples,first_principles_tully_fisher,B,one-sided,llmsr,/home/zhangziwen/sim-datasets-data/srbench2025/firstprinciples/first_principles_tully_fisher/train.csv,/home/zhangziwen/sim-datasets-data/srbench2025/firstprinciples/first_principles_tully_fisher/valid.csv,/home/zhangziwen/sim-datasets-data/srbench2025/firstprinciples/first_principles_tully_fisher/id_test.csv,/home/zhangziwen/sim-datasets-data/srbench2025/firstprinciples/first_principles_tully_fisher/ood_test.csv,/home/zhangziwen/sim-datasets-data/srbench2025/firstprinciples/first_principles_tully_fisher/metadata.yaml,/home/zhangziwen/sim-datasets-data/srbench2025/firstprinciples/first_principles_tully_fisher/formula.py
pysr,iaaccn25,W3,153,3,MatSci21,/home/zhangziwen/sim-datasets-data/llm-srbench/matsci/MatSci21,sim-datasets-data/llm-srbench/matsci/MatSci21,llm-srbench,llm-srbench/matsci,MatSci21,B,one-sided,llmsr,/home/zhangziwen/sim-datasets-data/llm-srbench/matsci/MatSci21/train.csv,/home/zhangziwen/sim-datasets-data/llm-srbench/matsci/MatSci21/valid.csv,/home/zhangziwen/sim-datasets-data/llm-srbench/matsci/MatSci21/id_test.csv,/home/zhangziwen/sim-datasets-data/llm-srbench/matsci/MatSci21/ood_test.csv,/home/zhangziwen/sim-datasets-data/llm-srbench/matsci/MatSci21/metadata.yaml,/home/zhangziwen/sim-datasets-data/llm-srbench/matsci/MatSci21/formula.py
pysr,iaaccn25,W3,154,4,first_principles_leavitt,/home/zhangziwen/sim-datasets-data/srbench2025/firstprinciples/first_principles_leavitt,sim-datasets-data/srbench2025/firstprinciples/first_principles_leavitt,srbench2025,srbench2025/firstprinciples,first_principles_leavitt,B,one-sided,llmsr,/home/zhangziwen/sim-datasets-data/srbench2025/firstprinciples/first_principles_leavitt/train.csv,/home/zhangziwen/sim-datasets-data/srbench2025/firstprinciples/first_principles_leavitt/valid.csv,/home/zhangziwen/sim-datasets-data/srbench2025/firstprinciples/first_principles_leavitt/id_test.csv,/home/zhangziwen/sim-datasets-data/srbench2025/firstprinciples/first_principles_leavitt/ood_test.csv,/home/zhangziwen/sim-datasets-data/srbench2025/firstprinciples/first_principles_leavitt/metadata.yaml,/home/zhangziwen/sim-datasets-data/srbench2025/firstprinciples/first_principles_leavitt/formula.py
pysr,iaaccn25,W3,155,5,PO8,/home/zhangziwen/sim-datasets-data/llm-srbench/phys_osc/PO8,sim-datasets-data/llm-srbench/phys_osc/PO8,llm-srbench,llm-srbench/phys_osc,PO8,B,one-sided,llmsr,/home/zhangziwen/sim-datasets-data/llm-srbench/phys_osc/PO8/train.csv,/home/zhangziwen/sim-datasets-data/llm-srbench/phys_osc/PO8/valid.csv,/home/zhangziwen/sim-datasets-data/llm-srbench/phys_osc/PO8/id_test.csv,/home/zhangziwen/sim-datasets-data/llm-srbench/phys_osc/PO8/ood_test.csv,/home/zhangziwen/sim-datasets-data/llm-srbench/phys_osc/PO8/metadata.yaml,/home/zhangziwen/sim-datasets-data/llm-srbench/phys_osc/PO8/formula.py
pysr,iaaccn25,W3,156,6,Keijzer-12,/home/zhangziwen/sim-datasets-data/keijzer/Keijzer-12,sim-datasets-data/keijzer/Keijzer-12,keijzer,keijzer,Keijzer-12,B,one-sided,llmsr,/home/zhangziwen/sim-datasets-data/keijzer/Keijzer-12/train.csv,/home/zhangziwen/sim-datasets-data/keijzer/Keijzer-12/valid.csv,/home/zhangziwen/sim-datasets-data/keijzer/Keijzer-12/id_test.csv,/home/zhangziwen/sim-datasets-data/keijzer/Keijzer-12/ood_test.csv,/home/zhangziwen/sim-datasets-data/keijzer/Keijzer-12/metadata.yaml,/home/zhangziwen/sim-datasets-data/keijzer/Keijzer-12/formula.py
pysr,iaaccn25,W3,157,7,PO26,/home/zhangziwen/sim-datasets-data/llm-srbench/phys_osc/PO26,sim-datasets-data/llm-srbench/phys_osc/PO26,llm-srbench,llm-srbench/phys_osc,PO26,B,one-sided,llmsr,/home/zhangziwen/sim-datasets-data/llm-srbench/phys_osc/PO26/train.csv,/home/zhangziwen/sim-datasets-data/llm-srbench/phys_osc/PO26/valid.csv,/home/zhangziwen/sim-datasets-data/llm-srbench/phys_osc/PO26/id_test.csv,/home/zhangziwen/sim-datasets-data/llm-srbench/phys_osc/PO26/ood_test.csv,/home/zhangziwen/sim-datasets-data/llm-srbench/phys_osc/PO26/metadata.yaml,/home/zhangziwen/sim-datasets-data/llm-srbench/phys_osc/PO26/formula.py
pysr,iaaccn25,W3,158,8,PO0,/home/zhangziwen/sim-datasets-data/llm-srbench/phys_osc/PO0,sim-datasets-data/llm-srbench/phys_osc/PO0,llm-srbench,llm-srbench/phys_osc,PO0,B,one-sided,llmsr,/home/zhangziwen/sim-datasets-data/llm-srbench/phys_osc/PO0/train.csv,/home/zhangziwen/sim-datasets-data/llm-srbench/phys_osc/PO0/valid.csv,/home/zhangziwen/sim-datasets-data/llm-srbench/phys_osc/PO0/id_test.csv,/home/zhangziwen/sim-datasets-data/llm-srbench/phys_osc/PO0/ood_test.csv,/home/zhangziwen/sim-datasets-data/llm-srbench/phys_osc/PO0/metadata.yaml,/home/zhangziwen/sim-datasets-data/llm-srbench/phys_osc/PO0/formula.py
pysr,iaaccn25,W3,159,9,CRK30,/home/zhangziwen/sim-datasets-data/llm-srbench/chem_react/CRK30,sim-datasets-data/llm-srbench/chem_react/CRK30,llm-srbench,llm-srbench/chem_react,CRK30,B,one-sided,llmsr,/home/zhangziwen/sim-datasets-data/llm-srbench/chem_react/CRK30/train.csv,/home/zhangziwen/sim-datasets-data/llm-srbench/chem_react/CRK30/valid.csv,/home/zhangziwen/sim-datasets-data/llm-srbench/chem_react/CRK30/id_test.csv,/home/zhangziwen/sim-datasets-data/llm-srbench/chem_react/CRK30/ood_test.csv,/home/zhangziwen/sim-datasets-data/llm-srbench/chem_react/CRK30/metadata.yaml,/home/zhangziwen/sim-datasets-data/llm-srbench/chem_react/CRK30/formula.py
pysr,iaaccn25,W3,160,10,PO16,/home/zhangziwen/sim-datasets-data/llm-srbench/phys_osc/PO16,sim-datasets-data/llm-srbench/phys_osc/PO16,llm-srbench,llm-srbench/phys_osc,PO16,B,one-sided,llmsr,/home/zhangziwen/sim-datasets-data/llm-srbench/phys_osc/PO16/train.csv,/home/zhangziwen/sim-datasets-data/llm-srbench/phys_osc/PO16/valid.csv,/home/zhangziwen/sim-datasets-data/llm-srbench/phys_osc/PO16/id_test.csv,/home/zhangziwen/sim-datasets-data/llm-srbench/phys_osc/PO16/ood_test.csv,/home/zhangziwen/sim-datasets-data/llm-srbench/phys_osc/PO16/metadata.yaml,/home/zhangziwen/sim-datasets-data/llm-srbench/phys_osc/PO16/formula.py
pysr,iaaccn25,W3,161,11,CRK13,/home/zhangziwen/sim-datasets-data/llm-srbench/chem_react/CRK13,sim-datasets-data/llm-srbench/chem_react/CRK13,llm-srbench,llm-srbench/chem_react,CRK13,C,mid-gap,llmsr,/home/zhangziwen/sim-datasets-data/llm-srbench/chem_react/CRK13/train.csv,/home/zhangziwen/sim-datasets-data/llm-srbench/chem_react/CRK13/valid.csv,/home/zhangziwen/sim-datasets-data/llm-srbench/chem_react/CRK13/id_test.csv,/home/zhangziwen/sim-datasets-data/llm-srbench/chem_react/CRK13/ood_test.csv,/home/zhangziwen/sim-datasets-data/llm-srbench/chem_react/CRK13/metadata.yaml,/home/zhangziwen/sim-datasets-data/llm-srbench/chem_react/CRK13/formula.py
pysr,iaaccn25,W3,162,12,CRK11,/home/zhangziwen/sim-datasets-data/llm-srbench/chem_react/CRK11,sim-datasets-data/llm-srbench/chem_react/CRK11,llm-srbench,llm-srbench/chem_react,CRK11,C,mid-gap,llmsr,/home/zhangziwen/sim-datasets-data/llm-srbench/chem_react/CRK11/train.csv,/home/zhangziwen/sim-datasets-data/llm-srbench/chem_react/CRK11/valid.csv,/home/zhangziwen/sim-datasets-data/llm-srbench/chem_react/CRK11/id_test.csv,/home/zhangziwen/sim-datasets-data/llm-srbench/chem_react/CRK11/ood_test.csv,/home/zhangziwen/sim-datasets-data/llm-srbench/chem_react/CRK11/metadata.yaml,/home/zhangziwen/sim-datasets-data/llm-srbench/chem_react/CRK11/formula.py
pysr,iaaccn25,W3,163,13,CRK8,/home/zhangziwen/sim-datasets-data/llm-srbench/chem_react/CRK8,sim-datasets-data/llm-srbench/chem_react/CRK8,llm-srbench,llm-srbench/chem_react,CRK8,C,mid-gap,llmsr,/home/zhangziwen/sim-datasets-data/llm-srbench/chem_react/CRK8/train.csv,/home/zhangziwen/sim-datasets-data/llm-srbench/chem_react/CRK8/valid.csv,/home/zhangziwen/sim-datasets-data/llm-srbench/chem_react/CRK8/id_test.csv,/home/zhangziwen/sim-datasets-data/llm-srbench/chem_react/CRK8/ood_test.csv,/home/zhangziwen/sim-datasets-data/llm-srbench/chem_react/CRK8/metadata.yaml,/home/zhangziwen/sim-datasets-data/llm-srbench/chem_react/CRK8/formula.py
pysr,iaaccn25,W3,164,14,CRK18,/home/zhangziwen/sim-datasets-data/llm-srbench/chem_react/CRK18,sim-datasets-data/llm-srbench/chem_react/CRK18,llm-srbench,llm-srbench/chem_react,CRK18,C,mid-gap,llmsr,/home/zhangziwen/sim-datasets-data/llm-srbench/chem_react/CRK18/train.csv,/home/zhangziwen/sim-datasets-data/llm-srbench/chem_react/CRK18/valid.csv,/home/zhangziwen/sim-datasets-data/llm-srbench/chem_react/CRK18/id_test.csv,/home/zhangziwen/sim-datasets-data/llm-srbench/chem_react/CRK18/ood_test.csv,/home/zhangziwen/sim-datasets-data/llm-srbench/chem_react/CRK18/metadata.yaml,/home/zhangziwen/sim-datasets-data/llm-srbench/chem_react/CRK18/formula.py
pysr,iaaccn25,W3,165,15,CRK10,/home/zhangziwen/sim-datasets-data/llm-srbench/chem_react/CRK10,sim-datasets-data/llm-srbench/chem_react/CRK10,llm-srbench,llm-srbench/chem_react,CRK10,C,mid-gap,llmsr,/home/zhangziwen/sim-datasets-data/llm-srbench/chem_react/CRK10/train.csv,/home/zhangziwen/sim-datasets-data/llm-srbench/chem_react/CRK10/valid.csv,/home/zhangziwen/sim-datasets-data/llm-srbench/chem_react/CRK10/id_test.csv,/home/zhangziwen/sim-datasets-data/llm-srbench/chem_react/CRK10/ood_test.csv,/home/zhangziwen/sim-datasets-data/llm-srbench/chem_react/CRK10/metadata.yaml,/home/zhangziwen/sim-datasets-data/llm-srbench/chem_react/CRK10/formula.py
pysr,iaaccn25,W3,166,16,CRK24,/home/zhangziwen/sim-datasets-data/llm-srbench/chem_react/CRK24,sim-datasets-data/llm-srbench/chem_react/CRK24,llm-srbench,llm-srbench/chem_react,CRK24,C,mid-gap,llmsr,/home/zhangziwen/sim-datasets-data/llm-srbench/chem_react/CRK24/train.csv,/home/zhangziwen/sim-datasets-data/llm-srbench/chem_react/CRK24/valid.csv,/home/zhangziwen/sim-datasets-data/llm-srbench/chem_react/CRK24/id_test.csv,/home/zhangziwen/sim-datasets-data/llm-srbench/chem_react/CRK24/ood_test.csv,/home/zhangziwen/sim-datasets-data/llm-srbench/chem_react/CRK24/metadata.yaml,/home/zhangziwen/sim-datasets-data/llm-srbench/chem_react/CRK24/formula.py
pysr,iaaccn25,W3,167,17,BPG3,/home/zhangziwen/sim-datasets-data/llm-srbench/bio_pop_growth/BPG3,sim-datasets-data/llm-srbench/bio_pop_growth/BPG3,llm-srbench,llm-srbench/bio_pop_growth,BPG3,C,mid-gap,llmsr,/home/zhangziwen/sim-datasets-data/llm-srbench/bio_pop_growth/BPG3/train.csv,/home/zhangziwen/sim-datasets-data/llm-srbench/bio_pop_growth/BPG3/valid.csv,/home/zhangziwen/sim-datasets-data/llm-srbench/bio_pop_growth/BPG3/id_test.csv,/home/zhangziwen/sim-datasets-data/llm-srbench/bio_pop_growth/BPG3/ood_test.csv,/home/zhangziwen/sim-datasets-data/llm-srbench/bio_pop_growth/BPG3/metadata.yaml,/home/zhangziwen/sim-datasets-data/llm-srbench/bio_pop_growth/BPG3/formula.py
pysr,iaaccn25,W3,168,18,CRK34,/home/zhangziwen/sim-datasets-data/llm-srbench/chem_react/CRK34,sim-datasets-data/llm-srbench/chem_react/CRK34,llm-srbench,llm-srbench/chem_react,CRK34,C,mid-gap,llmsr,/home/zhangziwen/sim-datasets-data/llm-srbench/chem_react/CRK34/train.csv,/home/zhangziwen/sim-datasets-data/llm-srbench/chem_react/CRK34/valid.csv,/home/zhangziwen/sim-datasets-data/llm-srbench/chem_react/CRK34/id_test.csv,/home/zhangziwen/sim-datasets-data/llm-srbench/chem_react/CRK34/ood_test.csv,/home/zhangziwen/sim-datasets-data/llm-srbench/chem_react/CRK34/metadata.yaml,/home/zhangziwen/sim-datasets-data/llm-srbench/chem_react/CRK34/formula.py
pysr,iaaccn25,W3,169,19,CRK9,/home/zhangziwen/sim-datasets-data/llm-srbench/chem_react/CRK9,sim-datasets-data/llm-srbench/chem_react/CRK9,llm-srbench,llm-srbench/chem_react,CRK9,C,mid-gap,llmsr,/home/zhangziwen/sim-datasets-data/llm-srbench/chem_react/CRK9/train.csv,/home/zhangziwen/sim-datasets-data/llm-srbench/chem_react/CRK9/valid.csv,/home/zhangziwen/sim-datasets-data/llm-srbench/chem_react/CRK9/id_test.csv,/home/zhangziwen/sim-datasets-data/llm-srbench/chem_react/CRK9/ood_test.csv,/home/zhangziwen/sim-datasets-data/llm-srbench/chem_react/CRK9/metadata.yaml,/home/zhangziwen/sim-datasets-data/llm-srbench/chem_react/CRK9/formula.py
pysr,iaaccn25,W3,170,20,BPG17,/home/zhangziwen/sim-datasets-data/llm-srbench/bio_pop_growth/BPG17,sim-datasets-data/llm-srbench/bio_pop_growth/BPG17,llm-srbench,llm-srbench/bio_pop_growth,BPG17,C,mid-gap,llmsr,/home/zhangziwen/sim-datasets-data/llm-srbench/bio_pop_growth/BPG17/train.csv,/home/zhangziwen/sim-datasets-data/llm-srbench/bio_pop_growth/BPG17/valid.csv,/home/zhangziwen/sim-datasets-data/llm-srbench/bio_pop_growth/BPG17/id_test.csv,/home/zhangziwen/sim-datasets-data/llm-srbench/bio_pop_growth/BPG17/ood_test.csv,/home/zhangziwen/sim-datasets-data/llm-srbench/bio_pop_growth/BPG17/metadata.yaml,/home/zhangziwen/sim-datasets-data/llm-srbench/bio_pop_growth/BPG17/formula.py
pysr,iaaccn25,W3,171,21,CRK2,/home/zhangziwen/sim-datasets-data/llm-srbench/chem_react/CRK2,sim-datasets-data/llm-srbench/chem_react/CRK2,llm-srbench,llm-srbench/chem_react,CRK2,C,mid-gap,llmsr,/home/zhangziwen/sim-datasets-data/llm-srbench/chem_react/CRK2/train.csv,/home/zhangziwen/sim-datasets-data/llm-srbench/chem_react/CRK2/valid.csv,/home/zhangziwen/sim-datasets-data/llm-srbench/chem_react/CRK2/id_test.csv,/home/zhangziwen/sim-datasets-data/llm-srbench/chem_react/CRK2/ood_test.csv,/home/zhangziwen/sim-datasets-data/llm-srbench/chem_react/CRK2/metadata.yaml,/home/zhangziwen/sim-datasets-data/llm-srbench/chem_react/CRK2/formula.py
pysr,iaaccn25,W3,172,22,CRK0,/home/zhangziwen/sim-datasets-data/llm-srbench/chem_react/CRK0,sim-datasets-data/llm-srbench/chem_react/CRK0,llm-srbench,llm-srbench/chem_react,CRK0,C,mid-gap,llmsr,/home/zhangziwen/sim-datasets-data/llm-srbench/chem_react/CRK0/train.csv,/home/zhangziwen/sim-datasets-data/llm-srbench/chem_react/CRK0/valid.csv,/home/zhangziwen/sim-datasets-data/llm-srbench/chem_react/CRK0/id_test.csv,/home/zhangziwen/sim-datasets-data/llm-srbench/chem_react/CRK0/ood_test.csv,/home/zhangziwen/sim-datasets-data/llm-srbench/chem_react/CRK0/metadata.yaml,/home/zhangziwen/sim-datasets-data/llm-srbench/chem_react/CRK0/formula.py
pysr,iaaccn25,W3,173,23,feynman-ii.35.18,/home/zhangziwen/sim-datasets-data/srsd/srsd-feynman_hard/feynman-ii.35.18,sim-datasets-data/srsd/srsd-feynman_hard/feynman-ii.35.18,srsd,srsd/srsd-feynman_hard,feynman-ii.35.18,C,mid-gap,llmsr,/home/zhangziwen/sim-datasets-data/srsd/srsd-feynman_hard/feynman-ii.35.18/train.csv,/home/zhangziwen/sim-datasets-data/srsd/srsd-feynman_hard/feynman-ii.35.18/valid.csv,/home/zhangziwen/sim-datasets-data/srsd/srsd-feynman_hard/feynman-ii.35.18/id_test.csv,/home/zhangziwen/sim-datasets-data/srsd/srsd-feynman_hard/feynman-ii.35.18/ood_test.csv,/home/zhangziwen/sim-datasets-data/srsd/srsd-feynman_hard/feynman-ii.35.18/metadata.yaml,/home/zhangziwen/sim-datasets-data/srsd/srsd-feynman_hard/feynman-ii.35.18/formula.py
pysr,iaaccn25,W3,174,24,feynman-ii.35.18,/home/zhangziwen/sim-datasets-data/srsd/srsd-feynman_hard_dummy/feynman-ii.35.18,sim-datasets-data/srsd/srsd-feynman_hard_dummy/feynman-ii.35.18,srsd,srsd/srsd-feynman_hard_dummy,feynman-ii.35.18,C,mid-gap,llmsr,/home/zhangziwen/sim-datasets-data/srsd/srsd-feynman_hard_dummy/feynman-ii.35.18/train.csv,/home/zhangziwen/sim-datasets-data/srsd/srsd-feynman_hard_dummy/feynman-ii.35.18/valid.csv,/home/zhangziwen/sim-datasets-data/srsd/srsd-feynman_hard_dummy/feynman-ii.35.18/id_test.csv,/home/zhangziwen/sim-datasets-data/srsd/srsd-feynman_hard_dummy/feynman-ii.35.18/ood_test.csv,/home/zhangziwen/sim-datasets-data/srsd/srsd-feynman_hard_dummy/feynman-ii.35.18/metadata.yaml,/home/zhangziwen/sim-datasets-data/srsd/srsd-feynman_hard_dummy/feynman-ii.35.18/formula.py
pysr,iaaccn25,W3,175,25,feynman-bonus.2,/home/zhangziwen/sim-datasets-data/srsd/srsd-feynman_hard/feynman-bonus.2,sim-datasets-data/srsd/srsd-feynman_hard/feynman-bonus.2,srsd,srsd/srsd-feynman_hard,feynman-bonus.2,C,mid-gap,llmsr,/home/zhangziwen/sim-datasets-data/srsd/srsd-feynman_hard/feynman-bonus.2/train.csv,/home/zhangziwen/sim-datasets-data/srsd/srsd-feynman_hard/feynman-bonus.2/valid.csv,/home/zhangziwen/sim-datasets-data/srsd/srsd-feynman_hard/feynman-bonus.2/id_test.csv,/home/zhangziwen/sim-datasets-data/srsd/srsd-feynman_hard/feynman-bonus.2/ood_test.csv,/home/zhangziwen/sim-datasets-data/srsd/srsd-feynman_hard/feynman-bonus.2/metadata.yaml,/home/zhangziwen/sim-datasets-data/srsd/srsd-feynman_hard/feynman-bonus.2/formula.py
pysr,iaaccn25,W3,176,26,feynman_II_8_7,/home/zhangziwen/sim-datasets-data/srbench1.0/feynman/feynman_II_8_7,sim-datasets-data/srbench1.0/feynman/feynman_II_8_7,srbench1.0,srbench1.0/feynman,feynman_II_8_7,C,mid-gap,pysr,/home/zhangziwen/sim-datasets-data/srbench1.0/feynman/feynman_II_8_7/train.csv,/home/zhangziwen/sim-datasets-data/srbench1.0/feynman/feynman_II_8_7/valid.csv,/home/zhangziwen/sim-datasets-data/srbench1.0/feynman/feynman_II_8_7/id_test.csv,/home/zhangziwen/sim-datasets-data/srbench1.0/feynman/feynman_II_8_7/ood_test.csv,/home/zhangziwen/sim-datasets-data/srbench1.0/feynman/feynman_II_8_7/metadata.yaml,/home/zhangziwen/sim-datasets-data/srbench1.0/feynman/feynman_II_8_7/formula.py
pysr,iaaccn25,W3,177,27,feynman_I_14_3,/home/zhangziwen/sim-datasets-data/srbench1.0/feynman/feynman_I_14_3,sim-datasets-data/srbench1.0/feynman/feynman_I_14_3,srbench1.0,srbench1.0/feynman,feynman_I_14_3,C,mid-gap,pysr,/home/zhangziwen/sim-datasets-data/srbench1.0/feynman/feynman_I_14_3/train.csv,/home/zhangziwen/sim-datasets-data/srbench1.0/feynman/feynman_I_14_3/valid.csv,/home/zhangziwen/sim-datasets-data/srbench1.0/feynman/feynman_I_14_3/id_test.csv,/home/zhangziwen/sim-datasets-data/srbench1.0/feynman/feynman_I_14_3/ood_test.csv,/home/zhangziwen/sim-datasets-data/srbench1.0/feynman/feynman_I_14_3/metadata.yaml,/home/zhangziwen/sim-datasets-data/srbench1.0/feynman/feynman_I_14_3/formula.py
pysr,iaaccn25,W3,178,28,feynman_I_43_16,/home/zhangziwen/sim-datasets-data/srbench1.0/feynman/feynman_I_43_16,sim-datasets-data/srbench1.0/feynman/feynman_I_43_16,srbench1.0,srbench1.0/feynman,feynman_I_43_16,C,mid-gap,pysr,/home/zhangziwen/sim-datasets-data/srbench1.0/feynman/feynman_I_43_16/train.csv,/home/zhangziwen/sim-datasets-data/srbench1.0/feynman/feynman_I_43_16/valid.csv,/home/zhangziwen/sim-datasets-data/srbench1.0/feynman/feynman_I_43_16/id_test.csv,/home/zhangziwen/sim-datasets-data/srbench1.0/feynman/feynman_I_43_16/ood_test.csv,/home/zhangziwen/sim-datasets-data/srbench1.0/feynman/feynman_I_43_16/metadata.yaml,/home/zhangziwen/sim-datasets-data/srbench1.0/feynman/feynman_I_43_16/formula.py
pysr,iaaccn25,W3,179,29,feynman_III_15_14,/home/zhangziwen/sim-datasets-data/srbench1.0/feynman/feynman_III_15_14,sim-datasets-data/srbench1.0/feynman/feynman_III_15_14,srbench1.0,srbench1.0/feynman,feynman_III_15_14,C,mid-gap,pysr,/home/zhangziwen/sim-datasets-data/srbench1.0/feynman/feynman_III_15_14/train.csv,/home/zhangziwen/sim-datasets-data/srbench1.0/feynman/feynman_III_15_14/valid.csv,/home/zhangziwen/sim-datasets-data/srbench1.0/feynman/feynman_III_15_14/id_test.csv,/home/zhangziwen/sim-datasets-data/srbench1.0/feynman/feynman_III_15_14/ood_test.csv,/home/zhangziwen/sim-datasets-data/srbench1.0/feynman/feynman_III_15_14/metadata.yaml,/home/zhangziwen/sim-datasets-data/srbench1.0/feynman/feynman_III_15_14/formula.py
pysr,iaaccn25,W3,180,30,feynman_II_15_4,/home/zhangziwen/sim-datasets-data/srbench1.0/feynman/feynman_II_15_4,sim-datasets-data/srbench1.0/feynman/feynman_II_15_4,srbench1.0,srbench1.0/feynman,feynman_II_15_4,C,mid-gap,pysr,/home/zhangziwen/sim-datasets-data/srbench1.0/feynman/feynman_II_15_4/train.csv,/home/zhangziwen/sim-datasets-data/srbench1.0/feynman/feynman_II_15_4/valid.csv,/home/zhangziwen/sim-datasets-data/srbench1.0/feynman/feynman_II_15_4/id_test.csv,/home/zhangziwen/sim-datasets-data/srbench1.0/feynman/feynman_II_15_4/ood_test.csv,/home/zhangziwen/sim-datasets-data/srbench1.0/feynman/feynman_II_15_4/metadata.yaml,/home/zhangziwen/sim-datasets-data/srbench1.0/feynman/feynman_II_15_4/formula.py
pysr,iaaccn25,W3,181,31,feynman_II_3_24,/home/zhangziwen/sim-datasets-data/srbench1.0/feynman/feynman_II_3_24,sim-datasets-data/srbench1.0/feynman/feynman_II_3_24,srbench1.0,srbench1.0/feynman,feynman_II_3_24,C,mid-gap,pysr,/home/zhangziwen/sim-datasets-data/srbench1.0/feynman/feynman_II_3_24/train.csv,/home/zhangziwen/sim-datasets-data/srbench1.0/feynman/feynman_II_3_24/valid.csv,/home/zhangziwen/sim-datasets-data/srbench1.0/feynman/feynman_II_3_24/id_test.csv,/home/zhangziwen/sim-datasets-data/srbench1.0/feynman/feynman_II_3_24/ood_test.csv,/home/zhangziwen/sim-datasets-data/srbench1.0/feynman/feynman_II_3_24/metadata.yaml,/home/zhangziwen/sim-datasets-data/srbench1.0/feynman/feynman_II_3_24/formula.py
pysr,iaaccn25,W3,182,32,I.11.19_3_0,/home/zhangziwen/sim-datasets-data/llm-srbench/lsrtransform/I.11.19_3_0,sim-datasets-data/llm-srbench/lsrtransform/I.11.19_3_0,llm-srbench,llm-srbench/lsrtransform,I.11.19_3_0,C,mid-gap,pysr,/home/zhangziwen/sim-datasets-data/llm-srbench/lsrtransform/I.11.19_3_0/train.csv,/home/zhangziwen/sim-datasets-data/llm-srbench/lsrtransform/I.11.19_3_0/valid.csv,/home/zhangziwen/sim-datasets-data/llm-srbench/lsrtransform/I.11.19_3_0/id_test.csv,/home/zhangziwen/sim-datasets-data/llm-srbench/lsrtransform/I.11.19_3_0/ood_test.csv,/home/zhangziwen/sim-datasets-data/llm-srbench/lsrtransform/I.11.19_3_0/metadata.yaml,/home/zhangziwen/sim-datasets-data/llm-srbench/lsrtransform/I.11.19_3_0/formula.py
pysr,iaaccn25,W3,183,33,feynman_II_21_32,/home/zhangziwen/sim-datasets-data/srbench1.0/feynman/feynman_II_21_32,sim-datasets-data/srbench1.0/feynman/feynman_II_21_32,srbench1.0,srbench1.0/feynman,feynman_II_21_32,C,mid-gap,pysr,/home/zhangziwen/sim-datasets-data/srbench1.0/feynman/feynman_II_21_32/train.csv,/home/zhangziwen/sim-datasets-data/srbench1.0/feynman/feynman_II_21_32/valid.csv,/home/zhangziwen/sim-datasets-data/srbench1.0/feynman/feynman_II_21_32/id_test.csv,/home/zhangziwen/sim-datasets-data/srbench1.0/feynman/feynman_II_21_32/ood_test.csv,/home/zhangziwen/sim-datasets-data/srbench1.0/feynman/feynman_II_21_32/metadata.yaml,/home/zhangziwen/sim-datasets-data/srbench1.0/feynman/feynman_II_21_32/formula.py
pysr,iaaccn25,W3,184,34,III.15.14_1_0,/home/zhangziwen/sim-datasets-data/llm-srbench/lsrtransform/III.15.14_1_0,sim-datasets-data/llm-srbench/lsrtransform/III.15.14_1_0,llm-srbench,llm-srbench/lsrtransform,III.15.14_1_0,C,mid-gap,pysr,/home/zhangziwen/sim-datasets-data/llm-srbench/lsrtransform/III.15.14_1_0/train.csv,/home/zhangziwen/sim-datasets-data/llm-srbench/lsrtransform/III.15.14_1_0/valid.csv,/home/zhangziwen/sim-datasets-data/llm-srbench/lsrtransform/III.15.14_1_0/id_test.csv,/home/zhangziwen/sim-datasets-data/llm-srbench/lsrtransform/III.15.14_1_0/ood_test.csv,/home/zhangziwen/sim-datasets-data/llm-srbench/lsrtransform/III.15.14_1_0/metadata.yaml,/home/zhangziwen/sim-datasets-data/llm-srbench/lsrtransform/III.15.14_1_0/formula.py
pysr,iaaccn25,W3,185,35,I.11.19_2_0,/home/zhangziwen/sim-datasets-data/llm-srbench/lsrtransform/I.11.19_2_0,sim-datasets-data/llm-srbench/lsrtransform/I.11.19_2_0,llm-srbench,llm-srbench/lsrtransform,I.11.19_2_0,C,mid-gap,pysr,/home/zhangziwen/sim-datasets-data/llm-srbench/lsrtransform/I.11.19_2_0/train.csv,/home/zhangziwen/sim-datasets-data/llm-srbench/lsrtransform/I.11.19_2_0/valid.csv,/home/zhangziwen/sim-datasets-data/llm-srbench/lsrtransform/I.11.19_2_0/id_test.csv,/home/zhangziwen/sim-datasets-data/llm-srbench/lsrtransform/I.11.19_2_0/ood_test.csv,/home/zhangziwen/sim-datasets-data/llm-srbench/lsrtransform/I.11.19_2_0/metadata.yaml,/home/zhangziwen/sim-datasets-data/llm-srbench/lsrtransform/I.11.19_2_0/formula.py
pysr,iaaccn25,W3,186,36,I.11.19_4_0,/home/zhangziwen/sim-datasets-data/llm-srbench/lsrtransform/I.11.19_4_0,sim-datasets-data/llm-srbench/lsrtransform/I.11.19_4_0,llm-srbench,llm-srbench/lsrtransform,I.11.19_4_0,C,mid-gap,pysr,/home/zhangziwen/sim-datasets-data/llm-srbench/lsrtransform/I.11.19_4_0/train.csv,/home/zhangziwen/sim-datasets-data/llm-srbench/lsrtransform/I.11.19_4_0/valid.csv,/home/zhangziwen/sim-datasets-data/llm-srbench/lsrtransform/I.11.19_4_0/id_test.csv,/home/zhangziwen/sim-datasets-data/llm-srbench/lsrtransform/I.11.19_4_0/ood_test.csv,/home/zhangziwen/sim-datasets-data/llm-srbench/lsrtransform/I.11.19_4_0/metadata.yaml,/home/zhangziwen/sim-datasets-data/llm-srbench/lsrtransform/I.11.19_4_0/formula.py
pysr,iaaccn25,W3,187,37,I.11.19_1_0,/home/zhangziwen/sim-datasets-data/llm-srbench/lsrtransform/I.11.19_1_0,sim-datasets-data/llm-srbench/lsrtransform/I.11.19_1_0,llm-srbench,llm-srbench/lsrtransform,I.11.19_1_0,C,mid-gap,pysr,/home/zhangziwen/sim-datasets-data/llm-srbench/lsrtransform/I.11.19_1_0/train.csv,/home/zhangziwen/sim-datasets-data/llm-srbench/lsrtransform/I.11.19_1_0/valid.csv,/home/zhangziwen/sim-datasets-data/llm-srbench/lsrtransform/I.11.19_1_0/id_test.csv,/home/zhangziwen/sim-datasets-data/llm-srbench/lsrtransform/I.11.19_1_0/ood_test.csv,/home/zhangziwen/sim-datasets-data/llm-srbench/lsrtransform/I.11.19_1_0/metadata.yaml,/home/zhangziwen/sim-datasets-data/llm-srbench/lsrtransform/I.11.19_1_0/formula.py
pysr,iaaccn25,W3,188,38,feynman_III_15_27,/home/zhangziwen/sim-datasets-data/srbench1.0/feynman/feynman_III_15_27,sim-datasets-data/srbench1.0/feynman/feynman_III_15_27,srbench1.0,srbench1.0/feynman,feynman_III_15_27,C,mid-gap,pysr,/home/zhangziwen/sim-datasets-data/srbench1.0/feynman/feynman_III_15_27/train.csv,/home/zhangziwen/sim-datasets-data/srbench1.0/feynman/feynman_III_15_27/valid.csv,/home/zhangziwen/sim-datasets-data/srbench1.0/feynman/feynman_III_15_27/id_test.csv,/home/zhangziwen/sim-datasets-data/srbench1.0/feynman/feynman_III_15_27/ood_test.csv,/home/zhangziwen/sim-datasets-data/srbench1.0/feynman/feynman_III_15_27/metadata.yaml,/home/zhangziwen/sim-datasets-data/srbench1.0/feynman/feynman_III_15_27/formula.py
pysr,iaaccn25,W3,189,39,feynman_I_12_2,/home/zhangziwen/sim-datasets-data/srbench1.0/feynman/feynman_I_12_2,sim-datasets-data/srbench1.0/feynman/feynman_I_12_2,srbench1.0,srbench1.0/feynman,feynman_I_12_2,C,mid-gap,pysr,/home/zhangziwen/sim-datasets-data/srbench1.0/feynman/feynman_I_12_2/train.csv,/home/zhangziwen/sim-datasets-data/srbench1.0/feynman/feynman_I_12_2/valid.csv,/home/zhangziwen/sim-datasets-data/srbench1.0/feynman/feynman_I_12_2/id_test.csv,/home/zhangziwen/sim-datasets-data/srbench1.0/feynman/feynman_I_12_2/ood_test.csv,/home/zhangziwen/sim-datasets-data/srbench1.0/feynman/feynman_I_12_2/metadata.yaml,/home/zhangziwen/sim-datasets-data/srbench1.0/feynman/feynman_I_12_2/formula.py
pysr,iaaccn25,W3,190,40,feynman_II_11_20,/home/zhangziwen/sim-datasets-data/srbench1.0/feynman/feynman_II_11_20,sim-datasets-data/srbench1.0/feynman/feynman_II_11_20,srbench1.0,srbench1.0/feynman,feynman_II_11_20,C,mid-gap,pysr,/home/zhangziwen/sim-datasets-data/srbench1.0/feynman/feynman_II_11_20/train.csv,/home/zhangziwen/sim-datasets-data/srbench1.0/feynman/feynman_II_11_20/valid.csv,/home/zhangziwen/sim-datasets-data/srbench1.0/feynman/feynman_II_11_20/id_test.csv,/home/zhangziwen/sim-datasets-data/srbench1.0/feynman/feynman_II_11_20/ood_test.csv,/home/zhangziwen/sim-datasets-data/srbench1.0/feynman/feynman_II_11_20/metadata.yaml,/home/zhangziwen/sim-datasets-data/srbench1.0/feynman/feynman_II_11_20/formula.py
pysr,iaaccn25,W3,191,41,II.34.29b_2_0,/home/zhangziwen/sim-datasets-data/llm-srbench/lsrtransform/II.34.29b_2_0,sim-datasets-data/llm-srbench/lsrtransform/II.34.29b_2_0,llm-srbench,llm-srbench/lsrtransform,II.34.29b_2_0,C,mid-gap,pysr,/home/zhangziwen/sim-datasets-data/llm-srbench/lsrtransform/II.34.29b_2_0/train.csv,/home/zhangziwen/sim-datasets-data/llm-srbench/lsrtransform/II.34.29b_2_0/valid.csv,/home/zhangziwen/sim-datasets-data/llm-srbench/lsrtransform/II.34.29b_2_0/id_test.csv,/home/zhangziwen/sim-datasets-data/llm-srbench/lsrtransform/II.34.29b_2_0/ood_test.csv,/home/zhangziwen/sim-datasets-data/llm-srbench/lsrtransform/II.34.29b_2_0/metadata.yaml,/home/zhangziwen/sim-datasets-data/llm-srbench/lsrtransform/II.34.29b_2_0/formula.py
pysr,iaaccn25,W3,192,42,strogatz_shearflow1,/home/zhangziwen/sim-datasets-data/srbench1.0/strogatz/strogatz_shearflow1,sim-datasets-data/srbench1.0/strogatz/strogatz_shearflow1,srbench1.0,srbench1.0/strogatz,strogatz_shearflow1,C,mid-gap,pysr,/home/zhangziwen/sim-datasets-data/srbench1.0/strogatz/strogatz_shearflow1/train.csv,/home/zhangziwen/sim-datasets-data/srbench1.0/strogatz/strogatz_shearflow1/valid.csv,/home/zhangziwen/sim-datasets-data/srbench1.0/strogatz/strogatz_shearflow1/id_test.csv,/home/zhangziwen/sim-datasets-data/srbench1.0/strogatz/strogatz_shearflow1/ood_test.csv,/home/zhangziwen/sim-datasets-data/srbench1.0/strogatz/strogatz_shearflow1/metadata.yaml,/home/zhangziwen/sim-datasets-data/srbench1.0/strogatz/strogatz_shearflow1/formula.py
pysr,iaaccn25,W3,193,43,II.21.32_3_0,/home/zhangziwen/sim-datasets-data/llm-srbench/lsrtransform/II.21.32_3_0,sim-datasets-data/llm-srbench/lsrtransform/II.21.32_3_0,llm-srbench,llm-srbench/lsrtransform,II.21.32_3_0,C,mid-gap,pysr,/home/zhangziwen/sim-datasets-data/llm-srbench/lsrtransform/II.21.32_3_0/train.csv,/home/zhangziwen/sim-datasets-data/llm-srbench/lsrtransform/II.21.32_3_0/valid.csv,/home/zhangziwen/sim-datasets-data/llm-srbench/lsrtransform/II.21.32_3_0/id_test.csv,/home/zhangziwen/sim-datasets-data/llm-srbench/lsrtransform/II.21.32_3_0/ood_test.csv,/home/zhangziwen/sim-datasets-data/llm-srbench/lsrtransform/II.21.32_3_0/metadata.yaml,/home/zhangziwen/sim-datasets-data/llm-srbench/lsrtransform/II.21.32_3_0/formula.py
pysr,iaaccn25,W3,194,44,II.21.32_2_0,/home/zhangziwen/sim-datasets-data/llm-srbench/lsrtransform/II.21.32_2_0,sim-datasets-data/llm-srbench/lsrtransform/II.21.32_2_0,llm-srbench,llm-srbench/lsrtransform,II.21.32_2_0,C,mid-gap,pysr,/home/zhangziwen/sim-datasets-data/llm-srbench/lsrtransform/II.21.32_2_0/train.csv,/home/zhangziwen/sim-datasets-data/llm-srbench/lsrtransform/II.21.32_2_0/valid.csv,/home/zhangziwen/sim-datasets-data/llm-srbench/lsrtransform/II.21.32_2_0/id_test.csv,/home/zhangziwen/sim-datasets-data/llm-srbench/lsrtransform/II.21.32_2_0/ood_test.csv,/home/zhangziwen/sim-datasets-data/llm-srbench/lsrtransform/II.21.32_2_0/metadata.yaml,/home/zhangziwen/sim-datasets-data/llm-srbench/lsrtransform/II.21.32_2_0/formula.py
pysr,iaaccn25,W3,195,45,III.15.27_2_0,/home/zhangziwen/sim-datasets-data/llm-srbench/lsrtransform/III.15.27_2_0,sim-datasets-data/llm-srbench/lsrtransform/III.15.27_2_0,llm-srbench,llm-srbench/lsrtransform,III.15.27_2_0,C,mid-gap,pysr,/home/zhangziwen/sim-datasets-data/llm-srbench/lsrtransform/III.15.27_2_0/train.csv,/home/zhangziwen/sim-datasets-data/llm-srbench/lsrtransform/III.15.27_2_0/valid.csv,/home/zhangziwen/sim-datasets-data/llm-srbench/lsrtransform/III.15.27_2_0/id_test.csv,/home/zhangziwen/sim-datasets-data/llm-srbench/lsrtransform/III.15.27_2_0/ood_test.csv,/home/zhangziwen/sim-datasets-data/llm-srbench/lsrtransform/III.15.27_2_0/metadata.yaml,/home/zhangziwen/sim-datasets-data/llm-srbench/lsrtransform/III.15.27_2_0/formula.py
pysr,iaaccn25,W3,196,46,II.34.29b_4_0,/home/zhangziwen/sim-datasets-data/llm-srbench/lsrtransform/II.34.29b_4_0,sim-datasets-data/llm-srbench/lsrtransform/II.34.29b_4_0,llm-srbench,llm-srbench/lsrtransform,II.34.29b_4_0,C,mid-gap,pysr,/home/zhangziwen/sim-datasets-data/llm-srbench/lsrtransform/II.34.29b_4_0/train.csv,/home/zhangziwen/sim-datasets-data/llm-srbench/lsrtransform/II.34.29b_4_0/valid.csv,/home/zhangziwen/sim-datasets-data/llm-srbench/lsrtransform/II.34.29b_4_0/id_test.csv,/home/zhangziwen/sim-datasets-data/llm-srbench/lsrtransform/II.34.29b_4_0/ood_test.csv,/home/zhangziwen/sim-datasets-data/llm-srbench/lsrtransform/II.34.29b_4_0/metadata.yaml,/home/zhangziwen/sim-datasets-data/llm-srbench/lsrtransform/II.34.29b_4_0/formula.py
pysr,iaaccn25,W3,197,47,III.15.27_1_0,/home/zhangziwen/sim-datasets-data/llm-srbench/lsrtransform/III.15.27_1_0,sim-datasets-data/llm-srbench/lsrtransform/III.15.27_1_0,llm-srbench,llm-srbench/lsrtransform,III.15.27_1_0,C,mid-gap,pysr,/home/zhangziwen/sim-datasets-data/llm-srbench/lsrtransform/III.15.27_1_0/train.csv,/home/zhangziwen/sim-datasets-data/llm-srbench/lsrtransform/III.15.27_1_0/valid.csv,/home/zhangziwen/sim-datasets-data/llm-srbench/lsrtransform/III.15.27_1_0/id_test.csv,/home/zhangziwen/sim-datasets-data/llm-srbench/lsrtransform/III.15.27_1_0/ood_test.csv,/home/zhangziwen/sim-datasets-data/llm-srbench/lsrtransform/III.15.27_1_0/metadata.yaml,/home/zhangziwen/sim-datasets-data/llm-srbench/lsrtransform/III.15.27_1_0/formula.py
pysr,iaaccn25,W3,198,48,feynman_II_34_29b,/home/zhangziwen/sim-datasets-data/srbench1.0/feynman/feynman_II_34_29b,sim-datasets-data/srbench1.0/feynman/feynman_II_34_29b,srbench1.0,srbench1.0/feynman,feynman_II_34_29b,C,mid-gap,pysr,/home/zhangziwen/sim-datasets-data/srbench1.0/feynman/feynman_II_34_29b/train.csv,/home/zhangziwen/sim-datasets-data/srbench1.0/feynman/feynman_II_34_29b/valid.csv,/home/zhangziwen/sim-datasets-data/srbench1.0/feynman/feynman_II_34_29b/id_test.csv,/home/zhangziwen/sim-datasets-data/srbench1.0/feynman/feynman_II_34_29b/ood_test.csv,/home/zhangziwen/sim-datasets-data/srbench1.0/feynman/feynman_II_34_29b/metadata.yaml,/home/zhangziwen/sim-datasets-data/srbench1.0/feynman/feynman_II_34_29b/formula.py
pysr,iaaccn25,W3,199,49,III.13.18_0_0,/home/zhangziwen/sim-datasets-data/llm-srbench/lsrtransform/III.13.18_0_0,sim-datasets-data/llm-srbench/lsrtransform/III.13.18_0_0,llm-srbench,llm-srbench/lsrtransform,III.13.18_0_0,C,mid-gap,pysr,/home/zhangziwen/sim-datasets-data/llm-srbench/lsrtransform/III.13.18_0_0/train.csv,/home/zhangziwen/sim-datasets-data/llm-srbench/lsrtransform/III.13.18_0_0/valid.csv,/home/zhangziwen/sim-datasets-data/llm-srbench/lsrtransform/III.13.18_0_0/id_test.csv,/home/zhangziwen/sim-datasets-data/llm-srbench/lsrtransform/III.13.18_0_0/ood_test.csv,/home/zhangziwen/sim-datasets-data/llm-srbench/lsrtransform/III.13.18_0_0/metadata.yaml,/home/zhangziwen/sim-datasets-data/llm-srbench/lsrtransform/III.13.18_0_0/formula.py
pysr,iaaccn25,W3,200,50,Korns-3,/home/zhangziwen/sim-datasets-data/korns/Korns-3,sim-datasets-data/korns/Korns-3,korns,korns,Korns-3,C,mid-gap,pysr,/home/zhangziwen/sim-datasets-data/korns/Korns-3/train.csv,/home/zhangziwen/sim-datasets-data/korns/Korns-3/valid.csv,/home/zhangziwen/sim-datasets-data/korns/Korns-3/id_test.csv,/home/zhangziwen/sim-datasets-data/korns/Korns-3/ood_test.csv,/home/zhangziwen/sim-datasets-data/korns/Korns-3/metadata.yaml,/home/zhangziwen/sim-datasets-data/korns/Korns-3/formula.py
