dataset_dir,dataset_name,method,candidate_pool,family,subgroup,basename,selection_mode,candidate_advantage_side,candidate_gap_score,seed_count,status_ok,id_r2_mean,id_r2_count,id_nmse_mean,id_nmse_count,ood_r2_mean,ood_r2_count,ood_nmse_mean,ood_nmse_count,status_timed_out
sim-datasets-data/keijzer/Keijzer-1,Keijzer-1,llmsr,A,keijzer,keijzer,Keijzer-1,strict,pysr,10.890874023232774,3,3,0.999857457634215,3,0.00012003428854765273,3,0.8903819319341851,3,0.027395928868356564,3,
sim-datasets-data/keijzer/Keijzer-10,Keijzer-10,llmsr,A,keijzer,keijzer,Keijzer-10,strict,llmsr,0.21320805085873618,3,3,0.9793380209640815,3,0.002708225260562556,3,0.9883908327943423,3,0.0017748686889621473,3,
sim-datasets-data/keijzer/Keijzer-12,Keijzer-12,llmsr,B,keijzer,keijzer,Keijzer-12,one-sided,llmsr,,3,3,0.9964251143299019,3,0.002314669925079375,3,0.9923366726494903,3,0.0028410733704178283,3,
sim-datasets-data/keijzer/Keijzer-15,Keijzer-15,llmsr,B,keijzer,keijzer,Keijzer-15,one-sided,llmsr,,3,3,0.975293897628037,3,0.024706102371963006,3,0.947467806073639,3,0.05233979888228857,3,
sim-datasets-data/keijzer/Keijzer-2,Keijzer-2,llmsr,A,keijzer,keijzer,Keijzer-2,strict,pysr,10.620940826871433,3,3,0.8608449601375062,3,0.13381844706778379,3,-54.94106011303407,3,11.848841595862107,3,
sim-datasets-data/keijzer/Keijzer-7,Keijzer-7,llmsr,A,keijzer,keijzer,Keijzer-7,strict,pysr,30.17520751299773,3,3,0.9431667698428295,3,0.003181210506920447,3,-284.1581223608321,3,0.009706998847489195,3,
sim-datasets-data/korns/Korns-1,Korns-1,llmsr,A,korns,korns,Korns-1,strict,llmsr,18.500988491169768,3,3,1.0,3,6.144009480933441e-19,3,1.0,3,6.860709689510353e-19,3,
sim-datasets-data/korns/Korns-11,Korns-11,llmsr,A,korns,korns,Korns-11,strict,llmsr,0.12287792093568173,3,3,-0.152844347258144,3,0.568528930229247,3,-0.2081439216653802,3,0.6780468313399446,3,
sim-datasets-data/korns/Korns-12,Korns-12,llmsr,A,korns,korns,Korns-12,strict,llmsr,0.11200845649882707,3,3,-0.0742762153488612,3,0.23847337723526785,3,-0.25224300773093716,3,0.26377771340466905,3,
sim-datasets-data/korns/Korns-2,Korns-2,llmsr,A,korns,korns,Korns-2,strict,llmsr,1.2899476624693047,3,3,-0.15690211039448165,3,1.1563687122333175,3,-0.11121848817803337,3,1.1110963558093145,3,
sim-datasets-data/korns/Korns-3,Korns-3,llmsr,C,korns,korns,Korns-3,mid-gap,pysr,14.201206017966632,3,3,-0.16098487401016492,3,1.051091879320603,3,-0.015049558817995301,3,1.014357264165503,3,
sim-datasets-data/korns/Korns-4,Korns-4,llmsr,A,korns,korns,Korns-4,strict,llmsr,7.403252838253199,3,3,0.9999999398754852,3,9.165413945695579e-11,3,0.9999999043691569,3,1.544701218870503e-10,3,
sim-datasets-data/korns/Korns-5,Korns-5,llmsr,A,korns,korns,Korns-5,strict,llmsr,0.26151286837851395,3,3,0.17011285224729825,3,0.055959480772162035,3,0.03905481805159324,3,0.04177241962039425,3,
sim-datasets-data/korns/Korns-8,Korns-8,llmsr,A,korns,korns,Korns-8,strict,llmsr,2.436409496438748,3,3,0.2298396503835335,3,0.2123016178104563,3,-0.030240701446347346,3,0.26353622736267845,3,
sim-datasets-data/korns/Korns-9,Korns-9,llmsr,A,korns,korns,Korns-9,strict,llmsr,0.010571807452743151,3,3,-0.02353069607244329,3,1.0,3,-0.0011296250931411844,3,1.0,3,
sim-datasets-data/llm-srbench/bio_pop_growth/BPG0,BPG0,llmsr,A,llm-srbench,llm-srbench/bio_pop_growth,BPG0,strict,llmsr,6.408354157123256,3,3,0.9999966740590388,3,2.9282794380226888e-06,3,0.9026793826990248,3,0.09251136526949472,3,
sim-datasets-data/llm-srbench/bio_pop_growth/BPG10,BPG10,llmsr,B,llm-srbench,llm-srbench/bio_pop_growth,BPG10,one-sided,llmsr,,3,3,0.9999999632633699,3,2.2547512456591007e-08,3,0.9999825614534811,3,5.024469144510161e-07,3,
sim-datasets-data/llm-srbench/bio_pop_growth/BPG14,BPG14,llmsr,A,llm-srbench,llm-srbench/bio_pop_growth,BPG14,strict,llmsr,0.9491796578397274,3,3,0.9999028466480365,3,5.4749508032435226e-05,3,-11.820354576038108,3,0.13815725850975133,3,
sim-datasets-data/llm-srbench/bio_pop_growth/BPG16,BPG16,llmsr,A,llm-srbench,llm-srbench/bio_pop_growth,BPG16,strict,llmsr,7.253072945617273,3,3,0.9914429116542719,3,0.00830075964592191,3,-9.882014508025707,3,10.208780647684998,3,
sim-datasets-data/llm-srbench/bio_pop_growth/BPG17,BPG17,llmsr,C,llm-srbench,llm-srbench/bio_pop_growth,BPG17,mid-gap,llmsr,11.509820168296965,3,3,0.9999806352334256,3,1.5509759012602257e-05,3,-6182.734562681423,3,161.34705030516454,3,
sim-datasets-data/llm-srbench/bio_pop_growth/BPG3,BPG3,llmsr,C,llm-srbench,llm-srbench/bio_pop_growth,BPG3,mid-gap,llmsr,12.927114536885604,3,3,0.9999987484847281,3,1.1802315505967229e-06,3,-276634.3805191917,3,241018.20892069873,3,
sim-datasets-data/llm-srbench/bio_pop_growth/BPG7,BPG7,llmsr,A,llm-srbench,llm-srbench/bio_pop_growth,BPG7,strict,llmsr,7.896010938389898,3,3,0.9998142729236568,3,0.00016666044421306497,3,-81.86221918789566,3,77.55028977736485,3,
sim-datasets-data/llm-srbench/bio_pop_growth/BPG8,BPG8,llmsr,A,llm-srbench,llm-srbench/bio_pop_growth,BPG8,strict,llmsr,6.784704781851904,3,3,0.9999952928949133,3,4.461054634813374e-06,3,0.9198423521688522,3,0.07442223259838131,3,
sim-datasets-data/llm-srbench/bio_pop_growth/BPG9,BPG9,llmsr,A,llm-srbench,llm-srbench/bio_pop_growth,BPG9,strict,llmsr,8.846522881499443,3,3,0.9973330984862961,3,0.00235236699568496,3,-39.88866298702542,3,37.763204819079945,3,
sim-datasets-data/llm-srbench/chem_react/CRK0,CRK0,llmsr,C,llm-srbench,llm-srbench/chem_react,CRK0,mid-gap,llmsr,10.041890812049555,3,3,0.9998634865490841,3,0.00012347876318525547,3,-1.5128208877546634,3,0.661817739669528,3,
sim-datasets-data/llm-srbench/chem_react/CRK10,CRK10,llmsr,C,llm-srbench,llm-srbench/chem_react,CRK10,mid-gap,llmsr,13.512697706694246,3,3,0.9999867455154944,3,1.214492594087831e-05,3,-8.372673083749339,3,2.0957040518513286,3,
sim-datasets-data/llm-srbench/chem_react/CRK11,CRK11,llmsr,C,llm-srbench,llm-srbench/chem_react,CRK11,mid-gap,llmsr,14.409290825936344,3,3,0.9999909430714937,3,8.795058702677462e-06,3,0.7075732191723773,3,0.1847148746555359,3,
sim-datasets-data/llm-srbench/chem_react/CRK13,CRK13,llmsr,C,llm-srbench,llm-srbench/chem_react,CRK13,mid-gap,llmsr,14.909539022018873,3,3,0.9996549509524214,3,7.031899166598375e-05,3,-3.536535101498107,3,0.008692728822549303,3,
sim-datasets-data/llm-srbench/chem_react/CRK15,CRK15,llmsr,A,llm-srbench,llm-srbench/chem_react,CRK15,strict,llmsr,3.886367706796059,3,3,0.9998807183256327,3,2.511901821228007e-05,3,-8.56869359140597,3,0.05076104472679668,3,
sim-datasets-data/llm-srbench/chem_react/CRK16,CRK16,llmsr,A,llm-srbench,llm-srbench/chem_react,CRK16,strict,llmsr,4.988362960429054,3,3,0.9999728154223373,3,1.9893410184065632e-05,3,-2079.7678877291896,3,54.95680090765497,3,
sim-datasets-data/llm-srbench/chem_react/CRK17,CRK17,llmsr,B,llm-srbench,llm-srbench/chem_react,CRK17,one-sided,llmsr,,3,3,0.9998984566997081,3,5.387479902582508e-05,3,0.9118850288532757,3,0.00014338063519346182,3,
sim-datasets-data/llm-srbench/chem_react/CRK18,CRK18,llmsr,C,llm-srbench,llm-srbench/chem_react,CRK18,mid-gap,llmsr,13.638641778132342,3,3,0.9999680850814746,3,2.9056702954758412e-05,3,-5554.729486696119,3,163.71694674333648,3,
sim-datasets-data/llm-srbench/chem_react/CRK19,CRK19,llmsr,A,llm-srbench,llm-srbench/chem_react,CRK19,strict,llmsr,0.18733069044650286,3,3,0.9998456397562632,3,9.068996238465474e-05,3,-3.8695812954224187,3,0.010799668875359119,3,
sim-datasets-data/llm-srbench/chem_react/CRK2,CRK2,llmsr,C,llm-srbench,llm-srbench/chem_react,CRK2,mid-gap,llmsr,11.43301127893307,3,3,0.9999982002542739,3,1.5708403427580154e-06,3,0.9997816701917533,3,2.4010470596994044e-05,3,
sim-datasets-data/llm-srbench/chem_react/CRK22,CRK22,llmsr,A,llm-srbench,llm-srbench/chem_react,CRK22,strict,llmsr,75.50138788098545,3,3,0.9999457124747689,3,4.5009389281138055e-05,3,-31.456495591761932,3,0.5138910218114044,3,
sim-datasets-data/llm-srbench/chem_react/CRK23,CRK23,llmsr,A,llm-srbench,llm-srbench/chem_react,CRK23,strict,llmsr,9.35606197957689,3,3,0.9999940521225076,3,4.942472757826539e-06,3,-7.5745152884900975,3,2.6279076937768377,3,
sim-datasets-data/llm-srbench/chem_react/CRK24,CRK24,llmsr,C,llm-srbench,llm-srbench/chem_react,CRK24,mid-gap,llmsr,13.508787165365511,3,3,0.999991740027974,3,7.506206012456544e-06,3,0.18029701109913862,3,0.289882060706569,3,
sim-datasets-data/llm-srbench/chem_react/CRK28,CRK28,llmsr,B,llm-srbench,llm-srbench/chem_react,CRK28,one-sided,llmsr,,3,3,0.9935167736756009,3,0.00021153953856684274,3,-58.02187727337918,3,0.0045763738708687945,3,
sim-datasets-data/llm-srbench/chem_react/CRK30,CRK30,llmsr,B,llm-srbench,llm-srbench/chem_react,CRK30,one-sided,llmsr,,3,3,0.9994569259594762,3,0.00010689968363680189,3,-24.900870706636812,3,0.0068935472833303,3,
sim-datasets-data/llm-srbench/chem_react/CRK34,CRK34,llmsr,C,llm-srbench,llm-srbench/chem_react,CRK34,mid-gap,llmsr,12.724891096666907,3,3,0.9999967295941254,3,3.007490209839251e-06,3,0.5003808948350302,3,0.4056914914622796,3,
sim-datasets-data/llm-srbench/chem_react/CRK5,CRK5,llmsr,A,llm-srbench,llm-srbench/chem_react,CRK5,strict,llmsr,5.75280935934483,3,3,0.9999245513159233,3,2.719897059355442e-06,3,0.7102223356708635,3,0.00016806818836011055,3,
sim-datasets-data/llm-srbench/chem_react/CRK6,CRK6,llmsr,A,llm-srbench,llm-srbench/chem_react,CRK6,strict,llmsr,0.530864866958009,3,3,0.9986858945241271,3,0.0002935320068971176,3,-2.4176973313275343,3,0.051213132621057894,3,
sim-datasets-data/llm-srbench/chem_react/CRK8,CRK8,llmsr,C,llm-srbench,llm-srbench/chem_react,CRK8,mid-gap,llmsr,14.00698351670242,3,3,0.9999994814755091,3,4.948939436886021e-07,3,-30798670.997482076,3,13206566.88177094,3,
sim-datasets-data/llm-srbench/chem_react/CRK9,CRK9,llmsr,C,llm-srbench,llm-srbench/chem_react,CRK9,mid-gap,llmsr,12.527744314544202,3,3,0.9999979901886955,3,1.8026969334497166e-06,3,-1.2370932827157062,3,0.530586524426406,3,
sim-datasets-data/llm-srbench/lsrtransform/I.11.19_1_0,I.11.19_1_0,llmsr,C,llm-srbench,llm-srbench/lsrtransform,I.11.19_1_0,mid-gap,pysr,15.343429459444344,3,3,0.8209356857135764,3,0.06104869184021563,3,0.5581371953516765,3,0.2769629277554326,3,
sim-datasets-data/llm-srbench/lsrtransform/I.11.19_2_0,I.11.19_2_0,llmsr,C,llm-srbench,llm-srbench/lsrtransform,I.11.19_2_0,mid-gap,pysr,15.453327845925966,3,3,0.823044933122599,3,0.06060533930903441,3,0.5735784777865516,3,0.26905690772625296,3,
sim-datasets-data/llm-srbench/lsrtransform/I.11.19_3_0,I.11.19_3_0,llmsr,C,llm-srbench,llm-srbench/lsrtransform,I.11.19_3_0,mid-gap,pysr,16.183216608201548,3,3,0.8575922323173417,3,0.03756845677159166,3,0.6199521812169452,3,0.1879544241245806,3,
sim-datasets-data/llm-srbench/lsrtransform/I.11.19_4_0,I.11.19_4_0,llmsr,C,llm-srbench,llm-srbench/lsrtransform,I.11.19_4_0,mid-gap,pysr,15.449579848380287,3,3,0.8425968955261126,3,0.054380737192469,3,0.6130500111531564,3,0.24286520388266752,3,
sim-datasets-data/llm-srbench/lsrtransform/I.11.19_5_0,I.11.19_5_0,llmsr,A,llm-srbench,llm-srbench/lsrtransform,I.11.19_5_0,strict,pysr,22.319760259155544,3,3,0.8203452680136992,3,0.06123582971371197,3,0.5592865609581968,3,0.27615313006301495,3,
sim-datasets-data/llm-srbench/lsrtransform/I.13.12_3_0,I.13.12_3_0,llmsr,A,llm-srbench,llm-srbench/lsrtransform,I.13.12_3_0,relaxed,llmsr,0.3903076557044522,3,3,6.074203455108673e-05,3,0.999927269551301,3,-48.6082983552731,3,48.8184589406034,3,
sim-datasets-data/llm-srbench/lsrtransform/I.24.6_3_1,I.24.6_3_1,llmsr,A,llm-srbench,llm-srbench/lsrtransform,I.24.6_3_1,relaxed,llmsr,0.08510041101938232,3,3,0.935230989464228,3,0.010997459681519224,3,0.6790506025535414,3,0.12032946001299588,3,
sim-datasets-data/llm-srbench/lsrtransform/I.40.1_4_0,I.40.1_4_0,llmsr,A,llm-srbench,llm-srbench/lsrtransform,I.40.1_4_0,strict,pysr,22.80448499109056,3,3,0.4758248641278137,3,0.4755345123936072,3,-0.11311314192751427,3,1.0150994389101424,3,
sim-datasets-data/llm-srbench/lsrtransform/I.50.26_0_0,I.50.26_0_0,llmsr,A,llm-srbench,llm-srbench/lsrtransform,I.50.26_0_0,relaxed,llmsr,0.02691302577972685,3,3,-0.0001508476387104274,3,1.0001013103390142,3,-35.681339203027186,3,35.25911358221503,3,
sim-datasets-data/llm-srbench/lsrtransform/II.21.32_2_0,II.21.32_2_0,llmsr,C,llm-srbench,llm-srbench/lsrtransform,II.21.32_2_0,mid-gap,pysr,14.562599340985,3,3,0.4547394288478366,3,0.448967871112316,3,1.7658514657181712e-05,3,0.9999437852475256,3,
sim-datasets-data/llm-srbench/lsrtransform/II.21.32_3_0,II.21.32_3_0,llmsr,C,llm-srbench,llm-srbench/lsrtransform,II.21.32_3_0,mid-gap,pysr,14.73856026502833,3,3,0.3905586302292711,3,0.47782200011059106,3,-2.22331267056101e-06,3,0.9999974824845279,3,
sim-datasets-data/llm-srbench/lsrtransform/II.34.29b_2_0,II.34.29b_2_0,llmsr,C,llm-srbench,llm-srbench/lsrtransform,II.34.29b_2_0,mid-gap,pysr,14.92272167866238,3,3,0.6525922503192253,3,0.22913844448249035,3,0.15007865014299382,3,0.770774388604167,3,
sim-datasets-data/llm-srbench/lsrtransform/II.34.29b_4_0,II.34.29b_4_0,llmsr,C,llm-srbench,llm-srbench/lsrtransform,II.34.29b_4_0,mid-gap,pysr,14.546922216401196,3,3,0.6525401212723041,3,0.22917282704515585,3,0.14773064943408154,3,0.7715496244881024,3,
sim-datasets-data/llm-srbench/lsrtransform/II.34.2_1_0,II.34.2_1_0,llmsr,A,llm-srbench,llm-srbench/lsrtransform,II.34.2_1_0,strict,pysr,22.257272317706747,3,3,0.9332344851896218,3,0.03361231988966118,3,0.5910590043023001,3,0.31888895475750123,3,
sim-datasets-data/llm-srbench/lsrtransform/II.36.38_0_0,II.36.38_0_0,llmsr,A,llm-srbench,llm-srbench/lsrtransform,II.36.38_0_0,relaxed,llmsr,0.017457870537997834,3,3,-0.00034242610571122434,3,1.0001935031160336,3,-0.004062012172831642,3,1.0032398404354699,3,
sim-datasets-data/llm-srbench/lsrtransform/II.36.38_4_0,II.36.38_4_0,llmsr,A,llm-srbench,llm-srbench/lsrtransform,II.36.38_4_0,strict,pysr,22.268513563005303,3,3,0.6065288840356953,3,0.2682469303798942,3,0.20713760648364554,3,0.7410273543681218,3,
sim-datasets-data/llm-srbench/lsrtransform/II.36.38_5_0,II.36.38_5_0,llmsr,A,llm-srbench,llm-srbench/lsrtransform,II.36.38_5_0,relaxed,llmsr,0.3686737119259751,3,3,-0.0008113071433526464,3,1.0005692930351053,3,-0.0002578768374597029,3,1.0001894893375112,3,
sim-datasets-data/llm-srbench/lsrtransform/II.37.1_2_0,II.37.1_2_0,llmsr,A,llm-srbench,llm-srbench/lsrtransform,II.37.1_2_0,strict,pysr,22.280827517861074,3,3,0.933440322888979,3,0.036482665112099834,3,0.5921070599241582,3,0.3249873720542517,3,
sim-datasets-data/llm-srbench/lsrtransform/II.6.15b_3_0,II.6.15b_3_0,llmsr,A,llm-srbench,llm-srbench/lsrtransform,II.6.15b_3_0,relaxed,llmsr,0.19918347913909834,3,3,0.275876826131899,3,0.19741471827363707,3,0.2862231749925448,3,0.12475486561197369,3,
sim-datasets-data/llm-srbench/lsrtransform/III.13.18_0_0,III.13.18_0_0,llmsr,C,llm-srbench,llm-srbench/lsrtransform,III.13.18_0_0,mid-gap,pysr,14.401545982392161,3,3,0.6957371620027036,3,0.22756011527640732,3,0.2428224020008574,3,0.6738893227245203,3,
sim-datasets-data/llm-srbench/lsrtransform/III.15.14_1_0,III.15.14_1_0,llmsr,C,llm-srbench,llm-srbench/lsrtransform,III.15.14_1_0,mid-gap,pysr,15.47787827186294,3,3,0.12618085370715726,3,0.8571915015341925,3,-0.00018531984408443058,3,1.0000786883203854,3,
sim-datasets-data/llm-srbench/lsrtransform/III.15.27_1_0,III.15.27_1_0,llmsr,C,llm-srbench,llm-srbench/lsrtransform,III.15.27_1_0,mid-gap,pysr,14.482382558948597,3,3,0.4962127699482275,3,0.4168787392027635,3,-5.337078927514227e-05,3,0.9999924230416842,3,
sim-datasets-data/llm-srbench/lsrtransform/III.15.27_2_0,III.15.27_2_0,llmsr,C,llm-srbench,llm-srbench/lsrtransform,III.15.27_2_0,mid-gap,pysr,14.547097023995796,3,3,0.4962237703474733,3,0.4168696364857934,3,5.3841819829481e-05,3,0.9998803644537011,3,
sim-datasets-data/llm-srbench/lsrtransform/III.21.20_2_0,III.21.20_2_0,llmsr,A,llm-srbench,llm-srbench/lsrtransform,III.21.20_2_0,strict,pysr,22.50984502818422,3,3,0.804767998445807,3,0.10939393958286485,3,0.4274352201568039,3,0.49069271154914623,3,
sim-datasets-data/llm-srbench/lsrtransform/III.21.20_3_0,III.21.20_3_0,llmsr,A,llm-srbench,llm-srbench/lsrtransform,III.21.20_3_0,strict,pysr,25.37412929518061,3,3,0.3419624906473806,3,0.5925027100612567,3,-533907265103.0922,3,533902523622.75977,3,
sim-datasets-data/llm-srbench/matsci/MatSci11,MatSci11,llmsr,B,llm-srbench,llm-srbench/matsci,MatSci11,one-sided,llmsr,,3,3,0.9998451599298649,3,7.712079118840186e-05,3,0.9848547831121907,3,0.0002004236925451365,3,
sim-datasets-data/llm-srbench/matsci/MatSci21,MatSci21,llmsr,B,llm-srbench,llm-srbench/matsci,MatSci21,one-sided,llmsr,,3,3,0.9997712230478291,3,0.0002277299355652526,3,0.9646851778027051,3,0.0009467498517814714,3,
sim-datasets-data/llm-srbench/matsci/MatSci23,MatSci23,llmsr,A,llm-srbench,llm-srbench/matsci,MatSci23,strict,llmsr,1.3940096925819625,3,3,0.9999961156788881,3,1.7794512274443339e-06,3,0.9994616158900872,3,1.9575468466290048e-06,3,
sim-datasets-data/llm-srbench/matsci/MatSci25,MatSci25,llmsr,B,llm-srbench,llm-srbench/matsci,MatSci25,one-sided,llmsr,,3,3,0.9988526906904683,3,0.0002835223087509012,3,0.8638474695381637,3,0.0002799680784600548,3,
sim-datasets-data/llm-srbench/matsci/MatSci3,MatSci3,llmsr,B,llm-srbench,llm-srbench/matsci,MatSci3,one-sided,llmsr,,3,3,0.9993541715622335,3,0.00010663170345971236,3,0.9296366334202536,3,0.0005700863384780211,3,
sim-datasets-data/llm-srbench/matsci/MatSci8,MatSci8,llmsr,B,llm-srbench,llm-srbench/matsci,MatSci8,one-sided,llmsr,,3,3,0.9999994847847207,3,2.6079041790785057e-07,3,0.9998445848519234,3,6.706114032127762e-07,3,
sim-datasets-data/llm-srbench/phys_osc/PO0,PO0,llmsr,B,llm-srbench,llm-srbench/phys_osc,PO0,one-sided,llmsr,,3,3,0.9988548919291008,3,0.0011428991166688226,3,0.9988861243502972,3,0.000993838378716816,3,
sim-datasets-data/llm-srbench/phys_osc/PO14,PO14,llmsr,A,llm-srbench,llm-srbench/phys_osc,PO14,strict,llmsr,39.03836375784416,3,3,0.9963516526337496,3,0.0036415882534782903,3,0.9914925867968706,3,0.005517688269953028,3,
sim-datasets-data/llm-srbench/phys_osc/PO16,PO16,llmsr,B,llm-srbench,llm-srbench/phys_osc,PO16,one-sided,llmsr,,3,3,0.9982514968757209,3,0.0017481292721836714,3,0.9982041857473872,3,0.0017732988262105797,3,
sim-datasets-data/llm-srbench/phys_osc/PO18,PO18,llmsr,A,llm-srbench,llm-srbench/phys_osc,PO18,strict,pysr,10.524806620582346,3,3,0.999931202265033,3,6.850209259148843e-05,3,0.9999030718342728,3,8.989531358354351e-05,3,
sim-datasets-data/llm-srbench/phys_osc/PO21,PO21,llmsr,A,llm-srbench,llm-srbench/phys_osc,PO21,strict,pysr,10.52363922200389,3,3,0.9439771018771731,3,0.0560037699825105,3,0.9015054830041654,3,0.0919460117926753,3,
sim-datasets-data/llm-srbench/phys_osc/PO26,PO26,llmsr,B,llm-srbench,llm-srbench/phys_osc,PO26,one-sided,llmsr,,3,3,0.9514200610198511,3,0.048549209299704715,3,0.9556369881987617,3,0.035365269760543834,3,
sim-datasets-data/llm-srbench/phys_osc/PO27,PO27,llmsr,A,llm-srbench,llm-srbench/phys_osc,PO27,strict,llmsr,8.165996706278182,3,3,0.9986611710992745,3,0.001336250730941702,3,0.9988658883034097,3,0.000733217999268807,3,
sim-datasets-data/llm-srbench/phys_osc/PO32,PO32,llmsr,B,llm-srbench,llm-srbench/phys_osc,PO32,one-sided,llmsr,,3,3,0.9797003743043488,3,0.02029855147980198,3,0.995572880131459,3,0.004364910291121971,3,
sim-datasets-data/llm-srbench/phys_osc/PO37,PO37,llmsr,A,llm-srbench,llm-srbench/phys_osc,PO37,strict,llmsr,1.2089848303996793,3,3,0.9995085426223543,3,0.0004905773782862299,3,0.9984653802949905,3,0.0015346182205852137,3,
sim-datasets-data/llm-srbench/phys_osc/PO8,PO8,llmsr,B,llm-srbench,llm-srbench/phys_osc,PO8,one-sided,llmsr,,3,3,0.9992269173307178,3,0.0007682125413876953,3,0.9992566628347634,3,0.0007371235018255835,3,
sim-datasets-data/nguyen/Nguyen-11,Nguyen-11,llmsr,A,nguyen,nguyen,Nguyen-11,strict,pysr,12.304752758493752,3,3,0.23383159035020318,3,0.00015686358221199306,3,0.9918911947969528,3,0.0015615496456862236,3,
sim-datasets-data/nguyen/Nguyen-5,Nguyen-5,llmsr,A,nguyen,nguyen,Nguyen-5,strict,pysr,27.01859399660579,3,3,0.9999850890646899,3,4.988555296467855e-07,3,0.2851009598636819,3,0.00015237565747429116,3,
sim-datasets-data/nguyen/Nguyen-6,Nguyen-6,llmsr,A,nguyen,nguyen,Nguyen-6,strict,pysr,26.966818750642545,3,3,0.9999924074804017,3,6.368815614188328e-07,3,0.9824936472049148,3,0.015048646601563395,3,
sim-datasets-data/nguyen/Nguyen-7,Nguyen-7,llmsr,A,nguyen,nguyen,Nguyen-7,strict,llmsr,2.6617235566686355,3,3,0.9984494646469764,3,3.335225795301446e-05,3,0.47412043314581886,3,0.0002917789528604694,3,
sim-datasets-data/nguyen/Nguyen-8,Nguyen-8,llmsr,B,nguyen,nguyen,Nguyen-8,one-sided,llmsr,,3,3,0.9999986902934769,3,1.567511604336875e-07,3,0.9420505079806077,3,1.118360054070979e-05,3,
sim-datasets-data/nguyen/Nguyen-9,Nguyen-9,llmsr,A,nguyen,nguyen,Nguyen-9,strict,pysr,26.649150264962174,3,3,0.8558510986602524,3,9.275385920399708e-05,3,0.9998261122510527,3,8.264102894128574e-06,3,
sim-datasets-data/srbench1.0/feynman/feynman_III_10_19,feynman_III_10_19,llmsr,A,srbench1.0,srbench1.0/feynman,feynman_III_10_19,relaxed,llmsr,0.12646052267454833,3,3,0.9966257432286262,3,0.0005506313117434568,3,0.9840886863354373,3,0.006392254849812034,3,
sim-datasets-data/srbench1.0/feynman/feynman_III_15_14,feynman_III_15_14,llmsr,C,srbench1.0,srbench1.0/feynman,feynman_III_15_14,mid-gap,pysr,16.339529546763295,3,3,0.8288374981858313,3,0.12495554220905862,3,0.3241840942161119,3,0.5533290212393979,3,
sim-datasets-data/srbench1.0/feynman/feynman_III_15_27,feynman_III_15_27,llmsr,C,srbench1.0,srbench1.0/feynman,feynman_III_15_27,mid-gap,pysr,15.07989546085905,3,3,0.9409004556795352,3,0.025124869103488056,3,0.5990206578711621,3,0.28077322840097946,3,
sim-datasets-data/srbench1.0/feynman/feynman_III_17_37,feynman_III_17_37,llmsr,A,srbench1.0,srbench1.0/feynman,feynman_III_17_37,strict,pysr,30.541736652660926,3,3,0.7893097558840715,3,0.20310122244330633,3,-1.0571809403384598,3,0.9170729806012176,3,
sim-datasets-data/srbench1.0/feynman/feynman_II_11_20,feynman_II_11_20,llmsr,C,srbench1.0,srbench1.0/feynman,feynman_II_11_20,mid-gap,pysr,14.966050421513366,3,3,0.6971605317566811,3,0.1982107426028413,3,0.22543139692313774,3,0.6903886353145651,3,
sim-datasets-data/srbench1.0/feynman/feynman_II_15_4,feynman_II_15_4,llmsr,C,srbench1.0,srbench1.0/feynman,feynman_II_15_4,mid-gap,pysr,16.259761756215052,3,3,0.8046556642356087,3,0.12388669168164289,3,-2.394355019426863,3,1.9610792979112859,3,
sim-datasets-data/srbench1.0/feynman/feynman_II_15_5,feynman_II_15_5,llmsr,A,srbench1.0,srbench1.0/feynman,feynman_II_15_5,strict,pysr,30.56938245720734,3,3,0.8030003774037106,3,0.12203657681663599,3,-2.3666181552889274,3,1.9429516640560978,3,
sim-datasets-data/srbench1.0/feynman/feynman_II_21_32,feynman_II_21_32,llmsr,C,srbench1.0,srbench1.0/feynman,feynman_II_21_32,mid-gap,pysr,15.589410244444228,3,3,0.8269479655437911,3,0.07561571658609736,3,0.2211034991405817,3,0.6011468977099323,3,
sim-datasets-data/srbench1.0/feynman/feynman_II_2_42,feynman_II_2_42,llmsr,A,srbench1.0,srbench1.0/feynman,feynman_II_2_42,strict,pysr,30.706101701061797,3,3,0.8045866913262132,3,0.19538190151358292,3,0.5062701416586725,3,0.49372031235771824,3,
sim-datasets-data/srbench1.0/feynman/feynman_II_34_11,feynman_II_34_11,llmsr,A,srbench1.0,srbench1.0/feynman,feynman_II_34_11,strict,pysr,30.624826994838152,3,3,0.9076610815985523,3,0.043044905391540635,3,0.676042742554622,3,0.2592345993574832,3,
sim-datasets-data/srbench1.0/feynman/feynman_II_34_29b,feynman_II_34_29b,llmsr,C,srbench1.0,srbench1.0/feynman,feynman_II_34_29b,mid-gap,pysr,14.407316081436983,3,3,0.7776008582480044,3,0.12049274735981708,3,0.4435479400436806,3,0.4803566713115263,3,
sim-datasets-data/srbench1.0/feynman/feynman_II_36_38,feynman_II_36_38,llmsr,A,srbench1.0,srbench1.0/feynman,feynman_II_36_38,strict,pysr,30.437677285464076,3,3,0.7781936234848045,3,0.07243953633018047,3,0.24127916080488343,3,0.5297899467200481,3,
sim-datasets-data/srbench1.0/feynman/feynman_II_38_3,feynman_II_38_3,llmsr,A,srbench1.0,srbench1.0/feynman,feynman_II_38_3,strict,pysr,30.348492015588633,3,3,0.9268512219879298,3,0.034201056226681764,3,0.7092234629272863,3,0.23273119323802563,3,
sim-datasets-data/srbench1.0/feynman/feynman_II_3_24,feynman_II_3_24,llmsr,C,srbench1.0,srbench1.0/feynman,feynman_II_3_24,mid-gap,pysr,16.22864444987286,3,3,0.974334986061467,3,0.014976861764014393,3,0.845039617649809,3,0.10086705114282318,3,
sim-datasets-data/srbench1.0/feynman/feynman_II_8_7,feynman_II_8_7,llmsr,C,srbench1.0,srbench1.0/feynman,feynman_II_8_7,mid-gap,pysr,16.67614692199624,3,3,0.9243018136752236,3,0.04235730958102768,3,0.5470409025551534,3,0.3457485816566028,3,
sim-datasets-data/srbench1.0/feynman/feynman_I_12_2,feynman_I_12_2,llmsr,C,srbench1.0,srbench1.0/feynman,feynman_I_12_2,mid-gap,pysr,15.00825823134499,3,3,0.6974260319218649,3,0.21730503811695523,3,0.26355225979110447,3,0.6213558660802252,3,
sim-datasets-data/srbench1.0/feynman/feynman_I_14_3,feynman_I_14_3,llmsr,C,srbench1.0,srbench1.0/feynman,feynman_I_14_3,mid-gap,pysr,16.641999996827906,3,3,0.9939947528898744,3,0.002046403134920034,3,0.9499625355666814,3,0.034798620879144884,3,
sim-datasets-data/srbench1.0/feynman/feynman_I_24_6,feynman_I_24_6,llmsr,A,srbench1.0,srbench1.0/feynman,feynman_I_24_6,relaxed,llmsr,0.03160884058771163,3,3,0.9590397420042484,3,0.015053786423337568,3,0.8865796152471996,3,0.07432816769191414,3,
sim-datasets-data/srbench1.0/feynman/feynman_I_27_6,feynman_I_27_6,llmsr,A,srbench1.0,srbench1.0/feynman,feynman_I_27_6,relaxed,llmsr,0.4500773996848816,3,3,0.9842755374748043,3,0.0027430863246738616,3,0.9168215677753593,3,0.0392664015263869,3,
sim-datasets-data/srbench1.0/feynman/feynman_I_43_16,feynman_I_43_16,llmsr,C,srbench1.0,srbench1.0/feynman,feynman_I_43_16,mid-gap,pysr,16.5996986433897,3,3,0.9235788574032607,3,0.03623440536868916,3,0.7029574323608901,3,0.23679357468807682,3,
sim-datasets-data/srbench1.0/feynman/feynman_I_6_2,feynman_I_6_2,llmsr,A,srbench1.0,srbench1.0/feynman,feynman_I_6_2,relaxed,llmsr,0.4125988538932679,3,3,0.9929463376307274,3,0.0008845297453239425,3,0.9520407708644082,3,0.018540776707964054,3,
sim-datasets-data/srbench1.0/feynman/feynman_I_6_2b,feynman_I_6_2b,llmsr,A,srbench1.0,srbench1.0/feynman,feynman_I_6_2b,relaxed,llmsr,0.32419716107594276,3,3,0.8682724248728363,3,0.011459912135359185,3,0.5426131324176977,3,0.1925353900871375,3,
sim-datasets-data/srbench1.0/feynman/feynman_test_4,feynman_test_4,llmsr,A,srbench1.0,srbench1.0/feynman,feynman_test_4,relaxed,llmsr,0.2925353094460109,3,3,0.9807918812389625,3,0.0005767395461934063,3,0.8203692184103013,3,0.01859261115308845,3,
sim-datasets-data/srbench1.0/feynman/feynman_test_7,feynman_test_7,llmsr,A,srbench1.0,srbench1.0/feynman,feynman_test_7,relaxed,llmsr,0.3003210600177231,3,3,0.998144705525656,3,8.862788862018527e-05,3,0.9893690207051365,3,0.0016471856378634693,3,
sim-datasets-data/srbench1.0/feynman/feynman_test_8,feynman_test_8,llmsr,A,srbench1.0,srbench1.0/feynman,feynman_test_8,relaxed,llmsr,0.5982089110380521,3,3,0.9843486766496227,3,0.0014832749641540924,3,0.9619319586427336,3,0.01122346587098627,3,
sim-datasets-data/srbench1.0/strogatz/strogatz_bacres2,strogatz_bacres2,llmsr,A,srbench1.0,srbench1.0/strogatz,strogatz_bacres2,strict,pysr,11.774270163366864,3,3,0.9998036431775863,3,3.2925783069840105e-05,3,0.7940936130224389,3,0.2059063003780558,3,
sim-datasets-data/srbench1.0/strogatz/strogatz_barmag1,strogatz_barmag1,llmsr,A,srbench1.0,srbench1.0/strogatz,strogatz_barmag1,strict,pysr,10.753940065445484,3,3,0.9985029598661604,3,0.000729398249670386,3,-88.09350872308254,3,52.22185074937813,3,
sim-datasets-data/srbench1.0/strogatz/strogatz_glider2,strogatz_glider2,llmsr,A,srbench1.0,srbench1.0/strogatz,strogatz_glider2,strict,pysr,13.60893703415595,3,3,0.9408493821208171,3,0.007335087174672599,3,0.001117153273281361,3,0.9909797701796329,3,
sim-datasets-data/srbench1.0/strogatz/strogatz_lv1,strogatz_lv1,llmsr,A,srbench1.0,srbench1.0/strogatz,strogatz_lv1,strict,pysr,19.323622956469283,3,3,0.999999999842919,3,1.484613742293227e-10,3,0.9999999999963113,3,2.146279304715797e-12,3,
sim-datasets-data/srbench1.0/strogatz/strogatz_lv2,strogatz_lv2,llmsr,A,srbench1.0,srbench1.0/strogatz,strogatz_lv2,strict,pysr,19.06303378352109,3,3,0.9999999999852337,3,1.4506133018496304e-11,3,0.9999999991110529,3,6.12440770939166e-10,3,
sim-datasets-data/srbench1.0/strogatz/strogatz_predprey2,strogatz_predprey2,llmsr,A,srbench1.0,srbench1.0/strogatz,strogatz_predprey2,strict,pysr,11.28188847917499,3,3,0.9963967500061367,3,0.0027830790995740655,3,0.8327334900659512,3,0.13489469198446405,3,
sim-datasets-data/srbench1.0/strogatz/strogatz_shearflow1,strogatz_shearflow1,llmsr,C,srbench1.0,srbench1.0/strogatz,strogatz_shearflow1,mid-gap,pysr,14.792069669550568,3,3,0.5660428405469499,3,0.4270888122361654,3,-12.97375118071954,3,11.33566843402078,3,
sim-datasets-data/srbench1.0/strogatz/strogatz_shearflow2,strogatz_shearflow2,llmsr,A,srbench1.0,srbench1.0/strogatz,strogatz_shearflow2,strict,pysr,17.20532468893275,3,3,0.8875209791573907,3,0.10796156734996391,3,-1400.222478761115,3,1337.176969818697,3,
sim-datasets-data/srbench2025/firstprinciples/first_principles_kepler,first_principles_kepler,llmsr,A,srbench2025,srbench2025/firstprinciples,first_principles_kepler,strict,llmsr,0.7936667671039512,3,3,,0,0.000257421031957635,3,,0,0.0824843277046506,3,
sim-datasets-data/srbench2025/firstprinciples/first_principles_leavitt,first_principles_leavitt,llmsr,B,srbench2025,srbench2025/firstprinciples,first_principles_leavitt,one-sided,llmsr,,3,3,0.7553730669186983,3,0.00029010833447643046,3,0.26424363351518376,3,0.011146063674958696,3,
sim-datasets-data/srbench2025/firstprinciples/first_principles_newton,first_principles_newton,llmsr,A,srbench2025,srbench2025/firstprinciples,first_principles_newton,strict,pysr,60.13485337425536,3,3,-1.5208033412014532e+59,3,9.727704680627332e+55,3,-2.9928064888615283e+55,3,1.8856443405617524e+54,3,
sim-datasets-data/srbench2025/firstprinciples/first_principles_planck,first_principles_planck,llmsr,A,srbench2025,srbench2025/firstprinciples,first_principles_planck,strict,pysr,12.095274822716505,3,3,-546047135.7951347,3,177379317.29037216,3,-67409404401.65574,3,754354134.8178277,3,
sim-datasets-data/srbench2025/firstprinciples/first_principles_rydberg,first_principles_rydberg,llmsr,B,srbench2025,srbench2025/firstprinciples,first_principles_rydberg,one-sided,llmsr,,3,3,0.9986731250774209,3,2.7459519831551993e-06,3,0.9999304389310529,3,2.099215641950692e-06,3,
sim-datasets-data/srbench2025/firstprinciples/first_principles_tully_fisher,first_principles_tully_fisher,llmsr,B,srbench2025,srbench2025/firstprinciples,first_principles_tully_fisher,one-sided,llmsr,,3,3,0.9896606516930294,3,9.93108353433178e-05,3,0.9529147749474441,3,0.0006496851287136425,3,
sim-datasets-data/srsd/srsd-feynman_easy/feynman-ii.15.4,feynman-ii.15.4,llmsr,A,srsd,srsd/srsd-feynman_easy,feynman-ii.15.4,strict,pysr,31.897946552517645,3,3,-3.4428746120223787e+37,3,3.4421877018881917e+37,3,-2.6569073253480474e+31,3,2.654693424606557e+31,3,
sim-datasets-data/srsd/srsd-feynman_easy_dummy/feynman-i.12.1,feynman-i.12.1,llmsr,A,srsd,srsd/srsd-feynman_easy_dummy,feynman-i.12.1,strict,pysr,21.020368726900962,3,3,0.999999999848185,3,1.2191742321784145e-10,3,0.9999999997877526,3,6.0659401883924164e-12,3,
sim-datasets-data/srsd/srsd-feynman_easy_dummy/feynman-i.14.3,feynman-i.14.3,llmsr,A,srsd,srsd/srsd-feynman_easy_dummy,feynman-i.14.3,strict,pysr,55.13512878346362,3,3,-6.229632104709731e+21,3,6.229613320981485e+21,3,-1.989344996770258e+27,3,1.4554124063432762e+25,3,
sim-datasets-data/srsd/srsd-feynman_easy_dummy/feynman-i.14.4,feynman-i.14.4,llmsr,A,srsd,srsd/srsd-feynman_easy_dummy,feynman-i.14.4,strict,pysr,67.52260556875811,3,3,-8.213331132656561e+36,3,7.42628068057014e+36,3,-2.536555365638492e+37,3,3.3138667776179332e+35,3,
sim-datasets-data/srsd/srsd-feynman_easy_dummy/feynman-i.18.12,feynman-i.18.12,llmsr,A,srsd,srsd/srsd-feynman_easy_dummy,feynman-i.18.12,strict,pysr,31.07119460008794,3,3,0.3119680869391706,3,0.6880212960737722,3,-5.918260548513598,3,6.901443252149741,3,
sim-datasets-data/srsd/srsd-feynman_easy_dummy/feynman-i.18.16,feynman-i.18.16,llmsr,A,srsd,srsd/srsd-feynman_easy_dummy,feynman-i.18.16,strict,pysr,49.59688380737006,3,3,-9.157172417371574e+25,3,9.128239836998449e+25,3,-2.324845938981442e+29,3,2.3247365509544128e+29,3,
sim-datasets-data/srsd/srsd-feynman_easy_dummy/feynman-i.25.13,feynman-i.25.13,llmsr,A,srsd,srsd/srsd-feynman_easy_dummy,feynman-i.25.13,strict,pysr,70.14182717611325,3,3,-4.60651048294053e+40,3,4.606016197548657e+40,3,-1.4159151032931704e+41,3,1.4112838271401895e+41,3,
sim-datasets-data/srsd/srsd-feynman_easy_dummy/feynman-i.26.2,feynman-i.26.2,llmsr,A,srsd,srsd/srsd-feynman_easy_dummy,feynman-i.26.2,strict,pysr,69.36464063711664,3,3,-1.4586798500420616e+38,3,1.4162571126565145e+38,3,-1.1121067613034436e+43,3,1.0719436889739973e+43,3,
sim-datasets-data/srsd/srsd-feynman_easy_dummy/feynman-i.27.6,feynman-i.27.6,llmsr,A,srsd,srsd/srsd-feynman_easy_dummy,feynman-i.27.6,strict,pysr,30.21946854792303,3,3,0.51519054209698,3,0.32768442420324667,3,-8.137333884656409,3,4.320639590904171,3,
sim-datasets-data/srsd/srsd-feynman_easy_dummy/feynman-i.30.5,feynman-i.30.5,llmsr,A,srsd,srsd/srsd-feynman_easy_dummy,feynman-i.30.5,strict,pysr,46.44841758003732,3,3,-2.288806118733835e+46,3,2.2754372369149158e+46,3,-3.453458447702083e+46,3,3.4456630946410835e+46,3,
sim-datasets-data/srsd/srsd-feynman_easy_dummy/feynman-ii.15.4,feynman-ii.15.4,llmsr,A,srsd,srsd/srsd-feynman_easy_dummy,feynman-ii.15.4,strict,pysr,73.33993496861484,3,3,-1.2669064461575749e+78,3,1.2666536774614568e+78,3,-5.523696327683192e+73,3,5.522908734517138e+73,3,
sim-datasets-data/srsd/srsd-feynman_easy_dummy/feynman-ii.15.5,feynman-ii.15.5,llmsr,A,srsd,srsd/srsd-feynman_easy_dummy,feynman-ii.15.5,strict,pysr,58.711954401883574,3,3,-5.434953831346087e+60,3,5.4325653723772854e+60,3,-5.437972301975199e+55,3,5.426141224705518e+55,3,
sim-datasets-data/srsd/srsd-feynman_easy_dummy/feynman-ii.34.11,feynman-ii.34.11,llmsr,A,srsd,srsd/srsd-feynman_easy_dummy,feynman-ii.34.11,strict,pysr,49.43349146848047,3,3,-9066557474857474.0,3,9065411393918790.0,3,-5.869785695604919e+18,3,5.86575490391591e+18,3,
sim-datasets-data/srsd/srsd-feynman_easy_dummy/feynman-ii.38.3,feynman-ii.38.3,llmsr,A,srsd,srsd/srsd-feynman_easy_dummy,feynman-ii.38.3,strict,pysr,30.184319269437566,3,3,-0.005002895470842317,3,1.0023338514856812,3,-0.0005076361808720176,3,0.9998938239391112,3,
sim-datasets-data/srsd/srsd-feynman_easy_dummy/feynman-ii.8.31,feynman-ii.8.31,llmsr,A,srsd,srsd/srsd-feynman_easy_dummy,feynman-ii.8.31,strict,pysr,25.820890617104084,3,3,-1.9807124733896118e+26,3,1.5735799249149457e+26,3,-8.037436270512116e+26,3,1.8598302469446706e+25,3,
sim-datasets-data/srsd/srsd-feynman_easy_dummy/feynman-iii.12.43,feynman-iii.12.43,llmsr,A,srsd,srsd/srsd-feynman_easy_dummy,feynman-iii.12.43,strict,pysr,80.73469108863276,3,3,-3.882447445251174e+79,3,9.578163266261259e+78,3,-6.0536022573189554e+82,3,3.076804780394905e+82,3,
sim-datasets-data/srsd/srsd-feynman_easy_dummy/feynman-iii.15.27,feynman-iii.15.27,llmsr,A,srsd,srsd/srsd-feynman_easy_dummy,feynman-iii.15.27,strict,pysr,31.51229206210018,3,3,-29527769963263.996,3,29522649670490.344,3,-3.180268496912248e+19,3,3.179255233895884e+19,3,
sim-datasets-data/srsd/srsd-feynman_hard/feynman-bonus.11,feynman-bonus.11,llmsr,A,srsd,srsd/srsd-feynman_hard,feynman-bonus.11,strict,pysr,29.202807026621006,3,3,0.9696015914033606,3,0.02358631626129393,3,0.8888096292217597,2,0.05602457405206695,2,
sim-datasets-data/srsd/srsd-feynman_hard/feynman-bonus.17,feynman-bonus.17,llmsr,A,srsd,srsd/srsd-feynman_hard,feynman-bonus.17,strict,pysr,31.62117948402384,3,3,-0.07916760362503461,3,0.9816452562007624,3,-6.700414113045743,3,7.4854323657708095,3,
sim-datasets-data/srsd/srsd-feynman_hard/feynman-bonus.2,feynman-bonus.2,llmsr,C,srsd,srsd/srsd-feynman_hard,feynman-bonus.2,mid-gap,llmsr,11.46471749778538,3,3,-0.04055681148577306,3,1.0122808872422118,3,-0.005202866954450824,3,0.9941992166311747,3,
sim-datasets-data/srsd/srsd-feynman_hard/feynman-bonus.20,feynman-bonus.20,llmsr,A,srsd,srsd/srsd-feynman_hard,feynman-bonus.20,strict,pysr,68.23664649913333,3,3,-1.8937776005126764e+68,3,1.854794961482697e+68,3,-1.6139834775722005e+68,3,1.6032346510769346e+68,3,
sim-datasets-data/srsd/srsd-feynman_hard/feynman-bonus.4,feynman-bonus.4,llmsr,A,srsd,srsd/srsd-feynman_hard,feynman-bonus.4,strict,pysr,51.67035834252501,3,3,-2.094257613582111e+49,3,9.742818593293682e+48,3,-1.4815358901272425e+52,3,4.287945467619694e+51,3,
sim-datasets-data/srsd/srsd-feynman_hard/feynman-bonus.5,feynman-bonus.5,llmsr,A,srsd,srsd/srsd-feynman_hard,feynman-bonus.5,strict,pysr,35.12558719638413,3,2,-1.457897990384453e+32,3,1.1633984556066743e+32,3,-8.558625778514042e+34,3,1.228664476814933e+33,3,1
sim-datasets-data/srsd/srsd-feynman_hard/feynman-bonus.7,feynman-bonus.7,llmsr,A,srsd,srsd/srsd-feynman_hard,feynman-bonus.7,strict,pysr,72.04892032727449,3,3,-2.668655776595373e+71,3,1.9317854111821447e+71,3,-1.753842526560013e+73,3,6.484578768895854e+72,3,
sim-datasets-data/srsd/srsd-feynman_hard/feynman-i.41.16,feynman-i.41.16,llmsr,A,srsd,srsd/srsd-feynman_hard,feynman-i.41.16,strict,pysr,61.8640164789593,3,3,-5.162116325577551e+62,3,4.670159529196763e+62,3,-3.257453885508642e+62,3,1.1447251958620504e+61,3,
sim-datasets-data/srsd/srsd-feynman_hard/feynman-i.50.26,feynman-i.50.26,llmsr,A,srsd,srsd/srsd-feynman_hard,feynman-i.50.26,strict,pysr,28.517179120579478,3,3,0.30960341719569956,3,0.6099721294652405,3,-5.142121724841778,3,6.1407623850075455,3,
sim-datasets-data/srsd/srsd-feynman_hard/feynman-ii.11.20,feynman-ii.11.20,llmsr,A,srsd,srsd/srsd-feynman_hard,feynman-ii.11.20,strict,llmsr,81.22971058609372,3,1,-5.007307253848404e+30,3,5.0071880746852236e+30,3,-7.926577131562724e+20,3,7.899426169134205e+20,3,2
sim-datasets-data/srsd/srsd-feynman_hard/feynman-ii.11.27,feynman-ii.11.27,llmsr,A,srsd,srsd/srsd-feynman_hard,feynman-ii.11.27,strict,pysr,78.9937596983217,3,1,-4.433602264943878e+79,3,4.099275293697204e+79,3,-9.401154439527178e+78,3,2.634243642926256e+77,3,2
sim-datasets-data/srsd/srsd-feynman_hard/feynman-ii.11.28,feynman-ii.11.28,llmsr,A,srsd,srsd/srsd-feynman_hard,feynman-ii.11.28,strict,pysr,59.42187161026767,3,3,-7.907028668553922e+46,3,6.100755419919509e+32,3,-1.893015596686302e+47,3,7.071198260291916e+33,3,
sim-datasets-data/srsd/srsd-feynman_hard/feynman-ii.35.18,feynman-ii.35.18,llmsr,C,srsd,srsd/srsd-feynman_hard,feynman-ii.35.18,mid-gap,llmsr,11.97000975293118,3,1,0.9999999999998379,2,9.507891407917908e-14,2,0.9999999987845539,2,1.2075268913174398e-11,2,2
sim-datasets-data/srsd/srsd-feynman_hard/feynman-iii.4.33,feynman-iii.4.33,llmsr,A,srsd,srsd/srsd-feynman_hard,feynman-iii.4.33,strict,pysr,43.805515018796775,3,2,-7.885190443094208e+43,3,4.509571088793972e+43,3,-3.5878948851635795e+45,3,4.024503264054524e+43,3,1
sim-datasets-data/srsd/srsd-feynman_hard_dummy/feynman-bonus.10,feynman-bonus.10,llmsr,A,srsd,srsd/srsd-feynman_hard_dummy,feynman-bonus.10,strict,pysr,31.169567974540513,3,3,-1.189739157067053e+29,3,1.1873447425122944e+29,3,-4.895302680758984e+33,3,4.892876411958884e+33,3,
sim-datasets-data/srsd/srsd-feynman_hard_dummy/feynman-bonus.11,feynman-bonus.11,llmsr,A,srsd,srsd/srsd-feynman_hard_dummy,feynman-bonus.11,strict,pysr,36.57466004379454,3,3,-108347479883881.44,3,84067490498053.55,3,-324590393891655.8,3,165225491704926.94,3,
sim-datasets-data/srsd/srsd-feynman_hard_dummy/feynman-bonus.16,feynman-bonus.16,llmsr,A,srsd,srsd/srsd-feynman_hard_dummy,feynman-bonus.16,strict,pysr,36.920270746577444,3,3,-8.745074318232337e+37,3,6.303157279177653e+37,3,-7.006025691583524e+35,3,1.4399427262542629e+35,3,
sim-datasets-data/srsd/srsd-feynman_hard_dummy/feynman-bonus.17,feynman-bonus.17,llmsr,A,srsd,srsd/srsd-feynman_hard_dummy,feynman-bonus.17,strict,pysr,23.275242756702262,3,3,-0.07914745128234024,3,0.9816269246604148,3,-2.417579289113779,3,3.341709862763,3,
sim-datasets-data/srsd/srsd-feynman_hard_dummy/feynman-bonus.3,feynman-bonus.3,llmsr,A,srsd,srsd/srsd-feynman_hard_dummy,feynman-bonus.3,strict,pysr,23.478453930353165,3,3,-3.6543756969181364e+19,3,2.3789785069960413e+19,3,-1.4655874750548078e+23,3,7.367928834140184e+22,3,
sim-datasets-data/srsd/srsd-feynman_hard_dummy/feynman-bonus.4,feynman-bonus.4,llmsr,A,srsd,srsd/srsd-feynman_hard_dummy,feynman-bonus.4,strict,pysr,51.67732861192477,3,3,-2.0942573108748383e+49,3,9.742817188499757e+48,3,-4.3818361420541146e+51,3,2.343544250234401e+51,3,
sim-datasets-data/srsd/srsd-feynman_hard_dummy/feynman-bonus.5,feynman-bonus.5,llmsr,A,srsd,srsd/srsd-feynman_hard_dummy,feynman-bonus.5,strict,pysr,34.60796549954348,3,2,-2.024673564650389e+32,3,1.6156837544537708e+32,3,-1.282769452744296e+35,3,1.6382265851504564e+33,3,1
sim-datasets-data/srsd/srsd-feynman_hard_dummy/feynman-bonus.7,feynman-bonus.7,llmsr,A,srsd,srsd/srsd-feynman_hard_dummy,feynman-bonus.7,strict,pysr,20.261273026936856,3,3,-5.4999877156341584e+70,3,3.9813287738061203e+70,3,-3.4281321756304955e+74,3,2.557426071576156e+72,3,
sim-datasets-data/srsd/srsd-feynman_hard_dummy/feynman-i.15.3x,feynman-i.15.3x,llmsr,A,srsd,srsd/srsd-feynman_hard_dummy,feynman-i.15.3x,strict,pysr,31.682216311696685,3,3,-5.121521182999993e+26,3,5.115020308541543e+26,3,-3.2684330306263564e+28,3,3.268240669230868e+28,3,
sim-datasets-data/srsd/srsd-feynman_hard_dummy/feynman-i.37.4,feynman-i.37.4,llmsr,A,srsd,srsd/srsd-feynman_hard_dummy,feynman-i.37.4,strict,pysr,43.11715086373505,3,3,-3.12570090774099e+43,3,1.6088985681098777e+43,3,-3.974450684653477e+44,3,3.591395332444241e+42,3,
sim-datasets-data/srsd/srsd-feynman_hard_dummy/feynman-i.41.16,feynman-i.41.16,llmsr,A,srsd,srsd/srsd-feynman_hard_dummy,feynman-i.41.16,strict,llmsr,44.62014669304531,3,3,-1.9308918768564624e+106,3,1.7468752217664232e+106,3,-3.556258581926425e+110,3,1.2000526633788287e+109,3,
sim-datasets-data/srsd/srsd-feynman_hard_dummy/feynman-i.44.4,feynman-i.44.4,llmsr,A,srsd,srsd/srsd-feynman_hard_dummy,feynman-i.44.4,strict,pysr,38.10882825649095,3,3,-1.4017297374292947e+36,3,1.4013813338719367e+36,3,-1.7858527373728974e+36,3,1.7855486556846692e+36,3,
sim-datasets-data/srsd/srsd-feynman_hard_dummy/feynman-ii.11.20,feynman-ii.11.20,llmsr,A,srsd,srsd/srsd-feynman_hard_dummy,feynman-ii.11.20,strict,llmsr,55.00611768434226,3,1,-5.007307253848404e+30,3,5.0071880746852236e+30,3,-7.926577131562724e+20,3,7.899426169134205e+20,3,2
sim-datasets-data/srsd/srsd-feynman_hard_dummy/feynman-ii.11.27,feynman-ii.11.27,llmsr,A,srsd,srsd/srsd-feynman_hard_dummy,feynman-ii.11.27,strict,pysr,78.9937596983217,3,1,-4.433602264943878e+79,3,4.099275293697204e+79,3,-9.401154439527178e+78,3,2.634243642926256e+77,3,2
sim-datasets-data/srsd/srsd-feynman_hard_dummy/feynman-ii.35.18,feynman-ii.35.18,llmsr,C,srsd,srsd/srsd-feynman_hard_dummy,feynman-ii.35.18,mid-gap,llmsr,11.74552492292468,3,1,0.9999999999998384,2,9.4812385909579e-14,2,0.9999999976957208,2,2.310938995622159e-11,2,2
sim-datasets-data/srsd/srsd-feynman_hard_dummy/feynman-ii.36.38,feynman-ii.36.38,llmsr,A,srsd,srsd/srsd-feynman_hard_dummy,feynman-ii.36.38,strict,pysr,25.307083178035427,3,3,-3425804593906.1685,3,3420654161712.8433,3,-321321329.2774501,3,321244363.1199999,3,
sim-datasets-data/srsd/srsd-feynman_hard_dummy/feynman-iii.4.33,feynman-iii.4.33,llmsr,A,srsd,srsd/srsd-feynman_hard_dummy,feynman-iii.4.33,strict,pysr,43.594915858913495,3,2,-6.127843415560765e+43,3,3.5045374874416405e+43,3,-3.0103237922267956e+45,3,3.3887173229438337e+43,3,1
sim-datasets-data/srsd/srsd-feynman_medium/feynman-i.43.31,feynman-i.43.31,llmsr,A,srsd,srsd/srsd-feynman_medium,feynman-i.43.31,strict,pysr,23.76245199903229,3,2,-2.399600258087019e+24,3,1.944807032481899e+24,3,-5.447509481696581e+24,3,1.2072726235088883e+23,3,1
sim-datasets-data/srsd/srsd-feynman_medium_dummy/feynman-bonus.8,feynman-bonus.8,llmsr,A,srsd,srsd/srsd-feynman_medium_dummy,feynman-bonus.8,strict,pysr,46.55614614634401,3,3,-3.180540740366206e+29,3,1.8487555529965285e+29,3,-2.3875340197439172e+30,3,4.959280955004155e+28,3,
sim-datasets-data/srsd/srsd-feynman_medium_dummy/feynman-i.10.7,feynman-i.10.7,llmsr,A,srsd,srsd/srsd-feynman_medium_dummy,feynman-i.10.7,strict,pysr,20.39767343254234,3,3,-1664291655919.2012,3,945087174323.1659,3,-143144080689494.25,3,2062573871002.8787,3,
sim-datasets-data/srsd/srsd-feynman_medium_dummy/feynman-i.11.19,feynman-i.11.19,llmsr,A,srsd,srsd/srsd-feynman_medium_dummy,feynman-i.11.19,strict,pysr,34.321197364469114,3,3,-3.050306015846536e+16,3,3.0450807963226308e+16,3,-1.7805579285518544e+17,3,1.7756624945262182e+17,3,
sim-datasets-data/srsd/srsd-feynman_medium_dummy/feynman-i.12.11,feynman-i.12.11,llmsr,A,srsd,srsd/srsd-feynman_medium_dummy,feynman-i.12.11,strict,pysr,22.025374045710088,3,3,0.007623759525666851,3,0.9912604225047668,3,-0.004698204034116064,3,1.0046975856524765,3,
sim-datasets-data/srsd/srsd-feynman_medium_dummy/feynman-i.18.4,feynman-i.18.4,llmsr,A,srsd,srsd/srsd-feynman_medium_dummy,feynman-i.18.4,strict,pysr,34.90025555252794,3,3,-1965.087606331744,3,1964.2757598897795,3,-5107.3625623392,3,5100.802193524119,3,
sim-datasets-data/srsd/srsd-feynman_medium_dummy/feynman-i.24.6,feynman-i.24.6,llmsr,A,srsd,srsd/srsd-feynman_medium_dummy,feynman-i.24.6,strict,pysr,31.333938271029858,3,3,0.14758599646734438,3,0.8157539817544887,3,-25.30429205741464,3,0.9394440706289543,3,
sim-datasets-data/srsd/srsd-feynman_medium_dummy/feynman-i.29.4,feynman-i.29.4,llmsr,A,srsd,srsd/srsd-feynman_medium_dummy,feynman-i.29.4,strict,pysr,55.717266799970076,3,3,-1.3656600510775695e+41,3,7.846166369916211e+40,3,-7.764845542718461e+42,3,8.508893725716372e+40,3,
sim-datasets-data/srsd/srsd-feynman_medium_dummy/feynman-i.34.27,feynman-i.34.27,llmsr,A,srsd,srsd/srsd-feynman_medium_dummy,feynman-i.34.27,strict,pysr,54.41489072906627,3,3,-1.8868313775589201e+53,3,1.0779602493733709e+53,3,-2.7163379407404316e+57,3,2.7863835174127735e+55,3,
sim-datasets-data/srsd/srsd-feynman_medium_dummy/feynman-i.38.12,feynman-i.38.12,llmsr,A,srsd,srsd/srsd-feynman_medium_dummy,feynman-i.38.12,strict,pysr,59.38570853695814,3,3,-2.7884371532661175e+64,3,2.5267695579293937e+64,3,-1.6188980376324108e+69,3,1.6027488862308763e+69,3,
sim-datasets-data/srsd/srsd-feynman_medium_dummy/feynman-i.39.10,feynman-i.39.10,llmsr,A,srsd,srsd/srsd-feynman_medium_dummy,feynman-i.39.10,strict,pysr,28.660572780600248,3,3,0.6181325925079382,3,0.31317337486397384,3,-16.086965881724343,3,0.4592073188628732,3,
sim-datasets-data/srsd/srsd-feynman_medium_dummy/feynman-i.43.31,feynman-i.43.31,llmsr,A,srsd,srsd/srsd-feynman_medium_dummy,feynman-i.43.31,strict,pysr,23.7071665439194,3,2,-2.4382070081297605e+24,3,1.976096693805847e+24,3,-4.170580050875822e+24,3,1.0922198864970349e+23,3,1
sim-datasets-data/srsd/srsd-feynman_medium_dummy/feynman-ii.11.3,feynman-ii.11.3,llmsr,A,srsd,srsd/srsd-feynman_medium_dummy,feynman-ii.11.3,strict,pysr,37.71484999328035,3,3,-2.055400208183546e+37,3,2.0525692723555547e+37,3,-1.0061576485220659e+45,3,1.0061063061781031e+45,3,
sim-datasets-data/srsd/srsd-feynman_medium_dummy/feynman-ii.21.32,feynman-ii.21.32,llmsr,A,srsd,srsd/srsd-feynman_medium_dummy,feynman-ii.21.32,strict,pysr,21.19439996686507,3,3,-527735754956248.5,3,527536830441408.0,3,-5.270928266247138e+19,3,5.2709152306822275e+19,3,
sim-datasets-data/srsd/srsd-feynman_medium_dummy/feynman-ii.34.29a,feynman-ii.34.29a,llmsr,A,srsd,srsd/srsd-feynman_medium_dummy,feynman-ii.34.29a,strict,pysr,73.92642534809656,3,3,-2.0166361704087519e+71,3,2.0163811664958938e+71,3,-3.534038235504652e+76,3,3.5340380673990495e+76,3,
sim-datasets-data/srsd/srsd-feynman_medium_dummy/feynman-ii.37.1,feynman-ii.37.1,llmsr,A,srsd,srsd/srsd-feynman_medium_dummy,feynman-ii.37.1,strict,pysr,41.19040412905237,3,3,-8.234402682267552e+43,3,8.234394094396609e+43,3,-2.9203092394535654e+38,3,2.9185553186560324e+38,3,
sim-datasets-data/srsd/srsd-feynman_medium_dummy/feynman-ii.8.7,feynman-ii.8.7,llmsr,A,srsd,srsd/srsd-feynman_medium_dummy,feynman-ii.8.7,strict,pysr,30.74218594777431,3,3,-2739014753982994.0,3,2476326153149239.0,3,-149074242750595.7,3,140151940144033.3,3,
sim-datasets-data/srsd/srsd-feynman_medium_dummy/feynman-iii.13.18,feynman-iii.13.18,llmsr,A,srsd,srsd/srsd-feynman_medium_dummy,feynman-iii.13.18,strict,pysr,52.727246919042145,3,3,-6.303299016241765e+40,3,6.301142932202534e+40,3,-2.449050538068887e+41,3,2.4392525380767267e+41,3,
sim-datasets-data/srsd/srsd-feynman_medium_dummy/feynman-iii.15.12,feynman-iii.15.12,llmsr,A,srsd,srsd/srsd-feynman_medium_dummy,feynman-iii.15.12,strict,pysr,104.99462486025288,3,3,-5.104243698817499e+106,3,4.952759057418235e+106,3,-3.4924628345488544e+104,3,1.9697110424832798e+103,3,
sim-datasets-data/srsd/srsd-feynman_medium_dummy/feynman-iii.15.14,feynman-iii.15.14,llmsr,A,srsd,srsd/srsd-feynman_medium_dummy,feynman-iii.15.14,strict,pysr,84.04599091203193,3,3,-3.866785179710035e+81,3,3.4979958845813586e+81,3,-3.5511137743243373e+86,3,3.5331536939421975e+86,3,
sim-datasets-data/srsd/srsd-feynman_medium_dummy/feynman-iii.17.37,feynman-iii.17.37,llmsr,A,srsd,srsd/srsd-feynman_medium_dummy,feynman-iii.17.37,strict,pysr,50.51641476590436,3,3,-6.537530347567173e+67,3,3.7801429614230975e+67,3,-4.349302237568565e+69,3,3.657637270234507e+67,3,
sim-datasets-data/srsd/srsd-feynman_medium_dummy/feynman-iii.4.32,feynman-iii.4.32,llmsr,A,srsd,srsd/srsd-feynman_medium_dummy,feynman-iii.4.32,strict,pysr,23.59188327067846,3,3,-2424964412893.2046,3,1962150043928.9421,3,-26808128901234.418,3,25910181874925.605,3,
sim-datasets-data/keijzer/Keijzer-1,Keijzer-1,pysr,A,keijzer,keijzer,Keijzer-1,strict,pysr,10.890874023232774,3,,0.9999999999988187,3,9.947433404430415e-13,3,0.9999999999868151,3,3.2951749601717766e-12,3,3
sim-datasets-data/keijzer/Keijzer-10,Keijzer-10,pysr,A,keijzer,keijzer,Keijzer-10,strict,llmsr,0.21320805085873618,3,,,0,,0,0.9999999999999997,3,3.527401436388373e-17,3,3
sim-datasets-data/keijzer/Keijzer-12,Keijzer-12,pysr,B,keijzer,keijzer,Keijzer-12,one-sided,llmsr,,3,,,0,,0,,0,,0,3
sim-datasets-data/keijzer/Keijzer-15,Keijzer-15,pysr,B,keijzer,keijzer,Keijzer-15,one-sided,llmsr,,3,,,0,,0,,0,,0,3
sim-datasets-data/keijzer/Keijzer-2,Keijzer-2,pysr,A,keijzer,keijzer,Keijzer-2,strict,pysr,10.620940826871433,3,,0.9999999999537493,3,4.4476945418143126e-11,3,0.9999999993533067,3,1.369756908061492e-10,3,3
sim-datasets-data/keijzer/Keijzer-7,Keijzer-7,pysr,A,keijzer,keijzer,Keijzer-7,strict,pysr,30.17520751299773,3,,1.0,3,3.533253004909001e-33,3,1.0,3,3.900206693101016e-33,3,3
sim-datasets-data/korns/Korns-1,Korns-1,pysr,A,korns,korns,Korns-1,strict,llmsr,18.500988491169768,3,,-1.2904733650850517,3,2.271967249528894,3,-0.8637909269129084,3,1.8637851994865038,3,3
sim-datasets-data/korns/Korns-11,Korns-11,pysr,A,korns,korns,Korns-11,strict,llmsr,0.12287792093568173,3,,-0.6220555152713451,3,0.799921940080583,3,-0.542825325300283,3,0.8658801359434533,3,3
sim-datasets-data/korns/Korns-12,Korns-12,pysr,A,korns,korns,Korns-12,strict,llmsr,0.11200845649882707,3,,-0.532066223306045,3,0.3400959652646021,3,-0.6812491725374795,3,0.35414536927541435,3,3
sim-datasets-data/korns/Korns-2,Korns-2,pysr,A,korns,korns,Korns-2,strict,llmsr,1.2899476624693047,3,,-92.43851818875152,3,93.39543767801858,3,-4.229566041731047,3,5.228991267917578,3,3
sim-datasets-data/korns/Korns-3,Korns-3,pysr,C,korns,korns,Korns-3,mid-gap,pysr,14.201206017966632,3,,0.9999999999999951,2,4.430888539423458e-15,2,0.9999999999999842,2,1.5720716600712842e-14,2,3
sim-datasets-data/korns/Korns-4,Korns-4,pysr,A,korns,korns,Korns-4,strict,llmsr,7.403252838253199,3,,-0.9144825362311492,3,0.0029184476536901864,3,-0.923551208092196,3,0.003107064417577363,3,3
sim-datasets-data/korns/Korns-5,Korns-5,pysr,A,korns,korns,Korns-5,strict,llmsr,0.26151286837851395,3,,-0.9774255838625233,3,0.13333826079628655,3,-0.9406617214791156,3,0.08436083274437474,3,3
sim-datasets-data/korns/Korns-8,Korns-8,pysr,A,korns,korns,Korns-8,strict,llmsr,2.436409496438748,3,,0.8365762972786879,3,0.045049211496784404,3,0.49052786156915573,3,0.13032329738086273,3,3
sim-datasets-data/korns/Korns-9,Korns-9,pysr,A,korns,korns,Korns-9,strict,llmsr,0.010571807452743151,3,,0.18990630526349872,2,0.7914698580560836,2,-0.0012936456054444267,2,1.0001638354396793,2,3
sim-datasets-data/llm-srbench/bio_pop_growth/BPG0,BPG0,pysr,A,llm-srbench,llm-srbench/bio_pop_growth,BPG0,strict,llmsr,6.408354157123256,3,,0.9999999936221463,3,5.615294424476846e-09,3,0.9999847923132249,3,1.4456174911075786e-05,3,3
sim-datasets-data/llm-srbench/bio_pop_growth/BPG10,BPG10,pysr,B,llm-srbench,llm-srbench/bio_pop_growth,BPG10,one-sided,llmsr,,3,,0.9999999993388031,2,4.058169317284902e-10,2,0.9999994655202294,2,1.5399661392073443e-08,2,3
sim-datasets-data/llm-srbench/bio_pop_growth/BPG14,BPG14,pysr,A,llm-srbench,llm-srbench/bio_pop_growth,BPG14,strict,llmsr,0.9491796578397274,3,,0.9999794769994296,3,1.1565470072555793e-05,3,-30.287846325776588,3,0.337170321413959,3,3
sim-datasets-data/llm-srbench/bio_pop_growth/BPG16,BPG16,pysr,A,llm-srbench,llm-srbench/bio_pop_growth,BPG16,strict,llmsr,7.253072945617273,3,,-17271.794049943466,3,16755.385246626436,3,-357300610.76448005,3,335195617.3277524,3,3
sim-datasets-data/llm-srbench/bio_pop_growth/BPG17,BPG17,pysr,C,llm-srbench,llm-srbench/bio_pop_growth,BPG17,mid-gap,llmsr,11.509820168296965,3,,-74982832.69214068,3,60055755.1868164,3,-9542149978401210.0,3,248975394557834.38,3,3
sim-datasets-data/llm-srbench/bio_pop_growth/BPG3,BPG3,pysr,C,llm-srbench,llm-srbench/bio_pop_growth,BPG3,mid-gap,llmsr,12.927114536885604,3,,-11888429.684014684,3,11211290.262219235,3,-3.538426344674599e+18,3,3.082849266752131e+18,3,3
sim-datasets-data/llm-srbench/bio_pop_growth/BPG7,BPG7,pysr,A,llm-srbench,llm-srbench/bio_pop_growth,BPG7,strict,llmsr,7.896010938389898,3,,-127514.78623775514,3,114425.09082137629,3,-25020364348.427933,3,23416419746.537823,3,3
sim-datasets-data/llm-srbench/bio_pop_growth/BPG8,BPG8,pysr,A,llm-srbench,llm-srbench/bio_pop_growth,BPG8,strict,llmsr,6.784704781851904,3,,0.9999199576186486,2,7.585839485881645e-05,2,0.4961934011668874,2,0.46775838485105403,2,3
sim-datasets-data/llm-srbench/bio_pop_growth/BPG9,BPG9,pysr,A,llm-srbench,llm-srbench/bio_pop_growth,BPG9,strict,llmsr,8.846522881499443,3,,-1387256.6754454777,3,1223644.4253602605,3,-72879549292.38512,3,67308763506.44281,3,3
sim-datasets-data/llm-srbench/chem_react/CRK0,CRK0,pysr,C,llm-srbench,llm-srbench/chem_react,CRK0,mid-gap,llmsr,10.041890812049555,3,,-3627644.091801495,2,3281267.349154266,2,-61777971657.86486,2,16270860276.544287,2,3
sim-datasets-data/llm-srbench/chem_react/CRK10,CRK10,pysr,C,llm-srbench,llm-srbench/chem_react,CRK10,mid-gap,llmsr,13.512697706694246,3,,-366224941.49143916,3,335567543.37573737,3,-416437882376407.7,3,93114370856889.97,3,3
sim-datasets-data/llm-srbench/chem_react/CRK11,CRK11,pysr,C,llm-srbench,llm-srbench/chem_react,CRK11,mid-gap,llmsr,14.409290825936344,3,,-2361012558.543089,2,2292746822.9980493,2,-141307240452153.56,2,89258409008118.61,2,3
sim-datasets-data/llm-srbench/chem_react/CRK13,CRK13,pysr,C,llm-srbench,llm-srbench/chem_react,CRK13,mid-gap,llmsr,14.909539022018873,3,,-9.785102878180323e+18,2,1.9941471294308795e+18,2,-3.0864410017277315e+23,2,5.91411596175165e+20,2,3
sim-datasets-data/llm-srbench/chem_react/CRK15,CRK15,pysr,A,llm-srbench,llm-srbench/chem_react,CRK15,strict,llmsr,3.886367706796059,3,,-19.796581912508113,3,4.379463338222599,3,-45269.23225444594,3,240.15444347850135,3,3
sim-datasets-data/llm-srbench/chem_react/CRK16,CRK16,pysr,A,llm-srbench,llm-srbench/chem_react,CRK16,strict,llmsr,4.988362960429054,3,,0.9999976534385474,3,1.7171909042903725e-06,3,-20.364659667212724,3,0.5642788677751973,3,3
sim-datasets-data/llm-srbench/chem_react/CRK17,CRK17,pysr,B,llm-srbench,llm-srbench/chem_react,CRK17,one-sided,llmsr,,3,,0.9999660904209676,3,1.7991061450392054e-05,3,0.9292902296138804,3,0.00011505890157376017,3,3
sim-datasets-data/llm-srbench/chem_react/CRK18,CRK18,pysr,C,llm-srbench,llm-srbench/chem_react,CRK18,mid-gap,llmsr,13.638641778132342,3,,-362671374.68153995,3,330191487.8764506,3,-1.1912495165349534e+17,3,3510389303935627.5,3,3
sim-datasets-data/llm-srbench/chem_react/CRK19,CRK19,pysr,A,llm-srbench,llm-srbench/chem_react,CRK19,strict,llmsr,0.18733069044650286,3,,-863.3836400288445,1,507.84397525171505,1,-3209130.952314957,1,7117.15450667507,1,3
sim-datasets-data/llm-srbench/chem_react/CRK2,CRK2,pysr,C,llm-srbench,llm-srbench/chem_react,CRK2,mid-gap,llmsr,11.43301127893307,3,,-53415607.71105229,3,46621804.339575656,3,-54269488607.179955,3,5968199995.248557,3,3
sim-datasets-data/llm-srbench/chem_react/CRK22,CRK22,pysr,A,llm-srbench,llm-srbench/chem_react,CRK22,strict,llmsr,75.50138788098545,3,,0.9999944649691668,2,4.589053496061139e-06,2,-1.3596332904498847,2,0.037360606578773006,2,3
sim-datasets-data/llm-srbench/chem_react/CRK23,CRK23,pysr,A,llm-srbench,llm-srbench/chem_react,CRK23,strict,llmsr,9.35606197957689,3,,-246750.49596131698,3,205041.63851613167,3,-885878958534.4902,3,271503175697.33676,3,3
sim-datasets-data/llm-srbench/chem_react/CRK24,CRK24,pysr,C,llm-srbench,llm-srbench/chem_react,CRK24,mid-gap,llmsr,13.508787165365511,3,,-18955820.316257227,2,17226002.640972532,2,-4052749755268.6963,2,1433225773839.0542,2,3
sim-datasets-data/llm-srbench/chem_react/CRK28,CRK28,pysr,B,llm-srbench,llm-srbench/chem_react,CRK28,one-sided,llmsr,,3,,0.9991989039550672,1,2.613875857689274e-05,1,-22.20857948744533,1,0.0017995214936043897,1,3
sim-datasets-data/llm-srbench/chem_react/CRK30,CRK30,pysr,B,llm-srbench,llm-srbench/chem_react,CRK30,one-sided,llmsr,,3,,0.9989860380522875,3,0.00019959011726222955,3,-21.276893361781845,3,0.005929021439259964,3,3
sim-datasets-data/llm-srbench/chem_react/CRK34,CRK34,pysr,C,llm-srbench,llm-srbench/chem_react,CRK34,mid-gap,llmsr,12.724891096666907,3,,-4015906.1762979305,3,3693058.8984444872,3,-1037086417608.9429,3,842115786177.8057,3,3
sim-datasets-data/llm-srbench/chem_react/CRK5,CRK5,pysr,A,llm-srbench,llm-srbench/chem_react,CRK5,strict,llmsr,5.75280935934483,3,,-84.71258969548417,2,3.0899070476223267,2,-39384.86685433603,2,22.84341446579603,2,3
sim-datasets-data/llm-srbench/chem_react/CRK6,CRK6,pysr,A,llm-srbench,llm-srbench/chem_react,CRK6,strict,llmsr,0.530864866958009,3,,0.9998441978178325,2,3.4801565057166484e-05,2,-0.0958701107628902,2,0.01642127311962803,2,3
sim-datasets-data/llm-srbench/chem_react/CRK8,CRK8,pysr,C,llm-srbench,llm-srbench/chem_react,CRK8,mid-gap,llmsr,14.00698351670242,3,,-40112734.313895755,2,38284690.73940917,2,-1.1433034017044258e+21,2,4.902520745699731e+20,2,3
sim-datasets-data/llm-srbench/chem_react/CRK9,CRK9,pysr,C,llm-srbench,llm-srbench/chem_react,CRK9,mid-gap,llmsr,12.527744314544202,3,,-19070.93996897793,3,17106.54508724487,3,-12885618563.356194,3,3056169191.499458,3,3
sim-datasets-data/llm-srbench/lsrtransform/I.11.19_1_0,I.11.19_1_0,pysr,C,llm-srbench,llm-srbench/lsrtransform,I.11.19_1_0,mid-gap,pysr,15.343429459444344,3,,0.9962869240630551,3,0.0012659050998362696,3,0.9877903232535491,3,0.007653117173634685,3,3
sim-datasets-data/llm-srbench/lsrtransform/I.11.19_2_0,I.11.19_2_0,pysr,C,llm-srbench,llm-srbench/lsrtransform,I.11.19_2_0,mid-gap,pysr,15.453327845925966,3,,0.9839083878585986,3,0.005511216101738855,3,0.8079749254319211,3,0.12116103451112592,3,3
sim-datasets-data/llm-srbench/lsrtransform/I.11.19_3_0,I.11.19_3_0,pysr,C,llm-srbench,llm-srbench/lsrtransform,I.11.19_3_0,mid-gap,pysr,16.183216608201548,3,,0.9952303924390419,3,0.001258265601568964,3,0.9848918027913914,3,0.0074718295055538385,3,3
sim-datasets-data/llm-srbench/lsrtransform/I.11.19_4_0,I.11.19_4_0,pysr,C,llm-srbench,llm-srbench/lsrtransform,I.11.19_4_0,mid-gap,pysr,15.449579848380287,3,,0.9708603999023923,3,0.01006735502516424,3,0.9476419567563731,3,0.03286199047364228,3,3
sim-datasets-data/llm-srbench/lsrtransform/I.11.19_5_0,I.11.19_5_0,pysr,A,llm-srbench,llm-srbench/lsrtransform,I.11.19_5_0,strict,pysr,22.319760259155544,3,,0.9999999999999937,3,2.158796228135651e-15,3,1.0,3,2.5495772179313607e-18,3,3
sim-datasets-data/llm-srbench/lsrtransform/I.13.12_3_0,I.13.12_3_0,pysr,A,llm-srbench,llm-srbench/lsrtransform,I.13.12_3_0,relaxed,llmsr,0.3903076557044522,3,,-0.03998304195728675,2,1.0399705734525104,2,-4.794562378940494,2,5.7023041497855145,2,3
sim-datasets-data/llm-srbench/lsrtransform/I.24.6_3_1,I.24.6_3_1,pysr,A,llm-srbench,llm-srbench/lsrtransform,I.24.6_3_1,relaxed,llmsr,0.08510041101938232,3,,0.9514810346948099,3,0.00823828186225199,3,0.7818667356513885,3,0.0817819198876023,3,3
sim-datasets-data/llm-srbench/lsrtransform/I.40.1_4_0,I.40.1_4_0,pysr,A,llm-srbench,llm-srbench/lsrtransform,I.40.1_4_0,strict,pysr,22.80448499109056,3,,0.9999999999999952,3,4.241906930696122e-15,3,1.0,3,2.210353775520161e-22,3,3
sim-datasets-data/llm-srbench/lsrtransform/I.50.26_0_0,I.50.26_0_0,pysr,A,llm-srbench,llm-srbench/lsrtransform,I.50.26_0_0,relaxed,llmsr,0.02691302577972685,3,,-5.475010184885498e-05,1,1.0000052175618472,1,-0.1858159227523115,1,1.139838926722511,1,3
sim-datasets-data/llm-srbench/lsrtransform/II.21.32_2_0,II.21.32_2_0,pysr,C,llm-srbench,llm-srbench/lsrtransform,II.21.32_2_0,mid-gap,pysr,14.562599340985,3,,0.9981953028665105,3,0.001485988668340977,3,0.9954159403230256,3,0.0045838829297581395,3,3
sim-datasets-data/llm-srbench/lsrtransform/II.21.32_3_0,II.21.32_3_0,pysr,C,llm-srbench,llm-srbench/lsrtransform,II.21.32_3_0,mid-gap,pysr,14.73856026502833,3,,0.9728405028056621,3,0.021293935586090235,3,0.9232506012485353,3,0.07674903489656412,3,3
sim-datasets-data/llm-srbench/lsrtransform/II.34.29b_2_0,II.34.29b_2_0,pysr,C,llm-srbench,llm-srbench/lsrtransform,II.34.29b_2_0,mid-gap,pysr,14.92272167866238,3,,0.9999999999999929,2,4.693860182661326e-15,2,0.9999999999999996,2,4.820854589646182e-16,2,3
sim-datasets-data/llm-srbench/lsrtransform/II.34.29b_4_0,II.34.29b_4_0,pysr,C,llm-srbench,llm-srbench/lsrtransform,II.34.29b_4_0,mid-gap,pysr,14.546922216401196,3,,0.9999999999999932,3,4.47687136473933e-15,3,0.9999999999999997,3,3.125525997277529e-16,3,3
sim-datasets-data/llm-srbench/lsrtransform/II.34.2_1_0,II.34.2_1_0,pysr,A,llm-srbench,llm-srbench/lsrtransform,II.34.2_1_0,strict,pysr,22.257272317706747,3,,0.999999999999995,3,2.561539371151211e-15,3,1.0,3,1.2796532212497775e-32,3,3
sim-datasets-data/llm-srbench/lsrtransform/II.36.38_0_0,II.36.38_0_0,pysr,A,llm-srbench,llm-srbench/lsrtransform,II.36.38_0_0,relaxed,llmsr,0.017457870537997834,3,,-0.015322712824668017,1,1.015171559689566,1,-1982446664.088571,1,1980823347.4058952,1,3
sim-datasets-data/llm-srbench/lsrtransform/II.36.38_4_0,II.36.38_4_0,pysr,A,llm-srbench,llm-srbench/lsrtransform,II.36.38_4_0,strict,pysr,22.268513563005303,3,,0.9827218056686786,3,0.011779321032308542,3,0.9175777946530873,3,0.07703368108875884,3,3
sim-datasets-data/llm-srbench/lsrtransform/II.36.38_5_0,II.36.38_5_0,pysr,A,llm-srbench,llm-srbench/lsrtransform,II.36.38_5_0,relaxed,llmsr,0.3686737119259751,3,,-1.65704756886112,2,2.656405047145629,2,5.248589768802603e-06,1,0.9999263819001335,1,3
sim-datasets-data/llm-srbench/lsrtransform/II.37.1_2_0,II.37.1_2_0,pysr,A,llm-srbench,llm-srbench/lsrtransform,II.37.1_2_0,strict,pysr,22.280827517861074,3,,0.9999999999999951,3,2.6981693009201155e-15,3,1.0,3,1.20567098707207e-32,3,3
sim-datasets-data/llm-srbench/lsrtransform/II.6.15b_3_0,II.6.15b_3_0,pysr,A,llm-srbench,llm-srbench/lsrtransform,II.6.15b_3_0,relaxed,llmsr,0.19918347913909834,3,,0.45309316668877575,1,0.14910095729062883,1,0.6638250761041369,1,0.058757101636503585,1,3
sim-datasets-data/llm-srbench/lsrtransform/III.13.18_0_0,III.13.18_0_0,pysr,C,llm-srbench,llm-srbench/lsrtransform,III.13.18_0_0,mid-gap,pysr,14.401545982392161,3,,0.9999999999999911,2,6.650439229205968e-15,2,0.9999999999999996,2,4.2624883957892516e-16,2,3
sim-datasets-data/llm-srbench/lsrtransform/III.15.14_1_0,III.15.14_1_0,pysr,C,llm-srbench,llm-srbench/lsrtransform,III.15.14_1_0,mid-gap,pysr,15.47787827186294,3,,0.9999999999999923,3,7.61745178409728e-15,3,1.0,3,1.2460795582072681e-17,3,3
sim-datasets-data/llm-srbench/lsrtransform/III.15.27_1_0,III.15.27_1_0,pysr,C,llm-srbench,llm-srbench/lsrtransform,III.15.27_1_0,mid-gap,pysr,14.482382558948597,3,,0.9999999999999957,3,3.562913448936686e-15,3,0.9999999999999991,3,9.417734840888484e-16,3,3
sim-datasets-data/llm-srbench/lsrtransform/III.15.27_2_0,III.15.27_2_0,pysr,C,llm-srbench,llm-srbench/lsrtransform,III.15.27_2_0,mid-gap,pysr,14.547097023995796,3,,0.9999999999999947,3,4.330659906963513e-15,3,0.9999999999999986,3,1.5801363732256622e-15,3,3
sim-datasets-data/llm-srbench/lsrtransform/III.21.20_2_0,III.21.20_2_0,pysr,A,llm-srbench,llm-srbench/lsrtransform,III.21.20_2_0,strict,pysr,22.50984502818422,3,,0.9999999999999938,3,3.4938298093740734e-15,3,1.0,3,2.964176175547979e-19,3,3
sim-datasets-data/llm-srbench/lsrtransform/III.21.20_3_0,III.21.20_3_0,pysr,A,llm-srbench,llm-srbench/lsrtransform,III.21.20_3_0,strict,pysr,25.37412929518061,3,,0.999999999999996,3,3.564936724277682e-15,3,1.0,3,1.9714774975772206e-18,3,3
sim-datasets-data/llm-srbench/matsci/MatSci11,MatSci11,pysr,B,llm-srbench,llm-srbench/matsci,MatSci11,one-sided,llmsr,,3,,0.9999876616133143,1,6.145348179934702e-06,1,0.9985758364629255,1,1.884661784661366e-05,1,3
sim-datasets-data/llm-srbench/matsci/MatSci21,MatSci21,pysr,B,llm-srbench,llm-srbench/matsci,MatSci21,one-sided,llmsr,,3,,0.9999999999499068,1,4.986385550344837e-11,1,0.9999999997029725,1,7.962966450745357e-12,1,3
sim-datasets-data/llm-srbench/matsci/MatSci23,MatSci23,pysr,A,llm-srbench,llm-srbench/matsci,MatSci23,strict,llmsr,1.3940096925819625,3,,0.9999977255118484,3,1.0419686263612389e-06,3,0.9983271136878468,3,6.082559393619161e-06,3,3
sim-datasets-data/llm-srbench/matsci/MatSci25,MatSci25,pysr,B,llm-srbench,llm-srbench/matsci,MatSci25,one-sided,llmsr,,3,,0.9999989616475122,2,2.5659697188151124e-07,2,0.999735204915738,3,5.444935226325908e-07,3,3
sim-datasets-data/llm-srbench/matsci/MatSci3,MatSci3,pysr,B,llm-srbench,llm-srbench/matsci,MatSci3,one-sided,llmsr,,3,,0.9997456168604524,2,4.200079450698553e-05,2,0.7239392987612991,2,0.0022366529917024506,2,3
sim-datasets-data/llm-srbench/matsci/MatSci8,MatSci8,pysr,B,llm-srbench,llm-srbench/matsci,MatSci8,one-sided,llmsr,,3,,0.9999999920512528,1,4.023477574318553e-09,1,0.9999947729376353,3,2.255460725999935e-08,3,3
sim-datasets-data/llm-srbench/phys_osc/PO0,PO0,pysr,B,llm-srbench,llm-srbench/phys_osc,PO0,one-sided,llmsr,,3,,,0,,0,,0,,0,3
sim-datasets-data/llm-srbench/phys_osc/PO14,PO14,pysr,A,llm-srbench,llm-srbench/phys_osc,PO14,strict,llmsr,39.03836375784416,3,,0.9972509796378373,3,0.0027439273880636994,3,0.9962481637880874,3,0.0024333439745985517,3,3
sim-datasets-data/llm-srbench/phys_osc/PO16,PO16,pysr,B,llm-srbench,llm-srbench/phys_osc,PO16,one-sided,llmsr,,3,,,0,,0,,0,,0,3
sim-datasets-data/llm-srbench/phys_osc/PO18,PO18,pysr,A,llm-srbench,llm-srbench/phys_osc,PO18,strict,pysr,10.524806620582346,3,,0.999999999999998,2,1.937665130835087e-15,2,0.9999999999999978,2,2.029920776013121e-15,2,3
sim-datasets-data/llm-srbench/phys_osc/PO21,PO21,pysr,A,llm-srbench,llm-srbench/phys_osc,PO21,strict,pysr,10.52363922200389,3,,0.9921043766882457,3,0.007892927474950942,3,0.9834341341949641,3,0.015464467862004215,3,3
sim-datasets-data/llm-srbench/phys_osc/PO26,PO26,pysr,B,llm-srbench,llm-srbench/phys_osc,PO26,one-sided,llmsr,,3,,,0,,0,,0,,0,3
sim-datasets-data/llm-srbench/phys_osc/PO27,PO27,pysr,A,llm-srbench,llm-srbench/phys_osc,PO27,strict,llmsr,8.165996706278182,3,,-3.0566593753888084e+21,1,3.05077319617898e+21,1,-2.1217607817684005e+23,1,1.371746010567126e+23,1,3
sim-datasets-data/llm-srbench/phys_osc/PO32,PO32,pysr,B,llm-srbench,llm-srbench/phys_osc,PO32,one-sided,llmsr,,3,,,0,,0,,0,,0,3
sim-datasets-data/llm-srbench/phys_osc/PO37,PO37,pysr,A,llm-srbench,llm-srbench/phys_osc,PO37,strict,llmsr,1.2089848303996793,3,,0.9957531845617122,3,0.004239211127039478,3,0.9924684635207263,3,0.007531529194084406,3,3
sim-datasets-data/llm-srbench/phys_osc/PO8,PO8,pysr,B,llm-srbench,llm-srbench/phys_osc,PO8,one-sided,llmsr,,3,,,0,,0,,0,,0,3
sim-datasets-data/nguyen/Nguyen-11,Nguyen-11,pysr,A,nguyen,nguyen,Nguyen-11,strict,pysr,12.304752758493752,3,,0.9999999999999875,3,2.5748954753291713e-18,3,1.0,3,1.1580377991091373e-17,3,3
sim-datasets-data/nguyen/Nguyen-5,Nguyen-5,pysr,A,nguyen,nguyen,Nguyen-5,strict,pysr,27.01859399660579,3,,1.0,3,9.231560620775263e-33,3,1.0,3,7.558354617908852e-33,3,3
sim-datasets-data/nguyen/Nguyen-6,Nguyen-6,pysr,A,nguyen,nguyen,Nguyen-6,strict,pysr,26.966818750642545,3,,0.9999999999999994,3,4.814351669213231e-17,3,1.0,3,8.208278789834436e-18,3,3
sim-datasets-data/nguyen/Nguyen-7,Nguyen-7,pysr,A,nguyen,nguyen,Nguyen-7,strict,llmsr,2.6617235566686355,3,,0.9990970730084333,3,1.9422100809726718e-05,3,0.7978449688873998,3,0.00011216367208628519,3,3
sim-datasets-data/nguyen/Nguyen-8,Nguyen-8,pysr,B,nguyen,nguyen,Nguyen-8,one-sided,llmsr,,3,,0.9999999997290837,3,3.24244065411624e-11,3,0.9999995303386647,3,9.063935817029935e-11,3,3
sim-datasets-data/nguyen/Nguyen-9,Nguyen-9,pysr,A,nguyen,nguyen,Nguyen-9,strict,pysr,26.649150264962174,3,,0.9999999998701175,2,8.357404764978368e-14,2,0.9999999999999566,2,2.0649599317403064e-15,2,3
sim-datasets-data/srbench1.0/feynman/feynman_III_10_19,feynman_III_10_19,pysr,A,srbench1.0,srbench1.0/feynman,feynman_III_10_19,relaxed,llmsr,0.12646052267454833,3,,0.9965201479873875,2,0.0005678629719687382,2,0.9818863696772119,2,0.007277019592444018,2,3
sim-datasets-data/srbench1.0/feynman/feynman_III_15_14,feynman_III_15_14,pysr,C,srbench1.0,srbench1.0/feynman,feynman_III_15_14,mid-gap,pysr,16.339529546763295,3,,0.9999973498066475,2,1.934748229370083e-06,2,0.9999956880157976,2,3.5304673622622985e-06,2,3
sim-datasets-data/srbench1.0/feynman/feynman_III_15_27,feynman_III_15_27,pysr,C,srbench1.0,srbench1.0/feynman,feynman_III_15_27,mid-gap,pysr,15.07989546085905,3,,0.9999999999999991,3,4.029814724884657e-16,3,0.9999999999999994,3,4.144454097302302e-16,3,3
sim-datasets-data/srbench1.0/feynman/feynman_III_17_37,feynman_III_17_37,pysr,A,srbench1.0,srbench1.0/feynman,feynman_III_17_37,strict,pysr,30.541736652660926,3,,1.0,3,9.535856705334697e-20,3,1.0,3,2.5582099108415044e-20,3,3
sim-datasets-data/srbench1.0/feynman/feynman_II_11_20,feynman_II_11_20,pysr,C,srbench1.0,srbench1.0/feynman,feynman_II_11_20,mid-gap,pysr,14.966050421513366,3,,0.9987168249262668,3,0.0008398478762674621,3,0.9986856578689552,3,0.0011714996794136149,3,3
sim-datasets-data/srbench1.0/feynman/feynman_II_15_4,feynman_II_15_4,pysr,C,srbench1.0,srbench1.0/feynman,feynman_II_15_4,mid-gap,pysr,16.259761756215052,3,,0.9999713417874901,3,1.817493772455579e-05,3,0.9999144147114345,3,4.944666561128082e-05,3,3
sim-datasets-data/srbench1.0/feynman/feynman_II_15_5,feynman_II_15_5,pysr,A,srbench1.0,srbench1.0/feynman,feynman_II_15_5,strict,pysr,30.56938245720734,3,,1.0,3,3.888991449581177e-17,3,1.0,3,2.951476760497542e-17,3,3
sim-datasets-data/srbench1.0/feynman/feynman_II_21_32,feynman_II_21_32,pysr,C,srbench1.0,srbench1.0/feynman,feynman_II_21_32,mid-gap,pysr,15.589410244444228,3,,0.9600367584675025,2,0.017462083904871837,2,0.7631637432189946,2,0.18278857444094626,2,3
sim-datasets-data/srbench1.0/feynman/feynman_II_2_42,feynman_II_2_42,pysr,A,srbench1.0,srbench1.0/feynman,feynman_II_2_42,strict,pysr,30.706101701061797,3,,1.0,3,4.663497854884613e-19,3,1.0,3,2.6667325123277336e-20,3,3
sim-datasets-data/srbench1.0/feynman/feynman_II_34_11,feynman_II_34_11,pysr,A,srbench1.0,srbench1.0/feynman,feynman_II_34_11,strict,pysr,30.624826994838152,3,,1.0,3,7.059656529863693e-32,3,1.0,3,1.1642345075526984e-32,3,3
sim-datasets-data/srbench1.0/feynman/feynman_II_34_29b,feynman_II_34_29b,pysr,C,srbench1.0,srbench1.0/feynman,feynman_II_34_29b,mid-gap,pysr,14.407316081436983,3,,0.9999999999999987,3,7.253170003806543e-16,3,0.9999999999999991,3,7.70442275218178e-16,3,3
sim-datasets-data/srbench1.0/feynman/feynman_II_36_38,feynman_II_36_38,pysr,A,srbench1.0,srbench1.0/feynman,feynman_II_36_38,strict,pysr,30.437677285464076,3,,1.0,3,7.642013135114581e-32,3,1.0,3,6.692814217040167e-32,3,3
sim-datasets-data/srbench1.0/feynman/feynman_II_38_3,feynman_II_38_3,pysr,A,srbench1.0,srbench1.0/feynman,feynman_II_38_3,strict,pysr,30.348492015588633,3,,0.9999999999999998,2,9.084822810188307e-17,2,0.9999999999999999,2,9.076170404204057e-17,2,3
sim-datasets-data/srbench1.0/feynman/feynman_II_3_24,feynman_II_3_24,pysr,C,srbench1.0,srbench1.0/feynman,feynman_II_3_24,mid-gap,pysr,16.22864444987286,3,,0.9999999999999988,3,6.363963650875653e-16,3,0.9999999999999991,3,6.363963727605334e-16,3,3
sim-datasets-data/srbench1.0/feynman/feynman_II_8_7,feynman_II_8_7,pysr,C,srbench1.0,srbench1.0/feynman,feynman_II_8_7,mid-gap,pysr,16.67614692199624,3,,1.0,3,2.301288570065866e-18,3,1.0,3,2.301288058459893e-18,3,3
sim-datasets-data/srbench1.0/feynman/feynman_I_12_2,feynman_I_12_2,pysr,C,srbench1.0,srbench1.0/feynman,feynman_I_12_2,mid-gap,pysr,15.00825823134499,3,,0.9999999999999969,3,2.2105799820112195e-15,3,0.9999999999999979,3,1.707339372393718e-15,3,3
sim-datasets-data/srbench1.0/feynman/feynman_I_14_3,feynman_I_14_3,pysr,C,srbench1.0,srbench1.0/feynman,feynman_I_14_3,mid-gap,pysr,16.641999996827906,3,,1.0,3,1.4054912249661874e-20,3,1.0,3,2.5695405989670728e-20,3,3
sim-datasets-data/srbench1.0/feynman/feynman_I_24_6,feynman_I_24_6,pysr,A,srbench1.0,srbench1.0/feynman,feynman_I_24_6,relaxed,llmsr,0.03160884058771163,3,,0.9996219015838355,3,0.00013895939826684176,3,0.9960408908243178,3,0.0025945365232366933,3,3
sim-datasets-data/srbench1.0/feynman/feynman_I_27_6,feynman_I_27_6,pysr,A,srbench1.0,srbench1.0/feynman,feynman_I_27_6,relaxed,llmsr,0.4500773996848816,3,,1.0,3,3.0892693890919977e-32,3,1.0,3,1.568187845735392e-32,3,3
sim-datasets-data/srbench1.0/feynman/feynman_I_43_16,feynman_I_43_16,pysr,C,srbench1.0,srbench1.0/feynman,feynman_I_43_16,mid-gap,pysr,16.5996986433897,3,,0.9999999999995791,3,1.995623769167558e-13,3,0.9999999999997496,3,1.9956126452378734e-13,3,3
sim-datasets-data/srbench1.0/feynman/feynman_I_6_2,feynman_I_6_2,pysr,A,srbench1.0,srbench1.0/feynman,feynman_I_6_2,relaxed,llmsr,0.4125988538932679,3,,0.9955381495758328,3,0.0005595163494860024,3,0.9541750822872624,3,0.017715663539349155,3,3
sim-datasets-data/srbench1.0/feynman/feynman_I_6_2b,feynman_I_6_2b,pysr,A,srbench1.0,srbench1.0/feynman,feynman_I_6_2b,relaxed,llmsr,0.32419716107594276,3,,0.996125689703064,3,0.0003370536164895163,3,0.8732729386601822,3,0.05334530988751653,3,3
sim-datasets-data/srbench1.0/feynman/feynman_test_4,feynman_test_4,pysr,A,srbench1.0,srbench1.0/feynman,feynman_test_4,relaxed,llmsr,0.2925353094460109,3,,0.9825568695886527,3,0.0005237443209711515,3,0.8887994551613968,3,0.01150976726760672,3,3
sim-datasets-data/srbench1.0/feynman/feynman_test_7,feynman_test_7,pysr,A,srbench1.0,srbench1.0/feynman,feynman_test_7,relaxed,llmsr,0.3003210600177231,3,,0.9964672703314474,3,0.0001687593942198394,3,0.9820504572341999,3,0.0027811388048067415,3,3
sim-datasets-data/srbench1.0/feynman/feynman_test_8,feynman_test_8,pysr,A,srbench1.0,srbench1.0/feynman,feynman_test_8,relaxed,llmsr,0.5982089110380521,3,,0.9760825862947383,3,0.002266651845479587,3,0.9347422508778767,3,0.019239711158654957,3,3
sim-datasets-data/srbench1.0/strogatz/strogatz_bacres2,strogatz_bacres2,pysr,A,srbench1.0,srbench1.0/strogatz,strogatz_bacres2,strict,pysr,11.774270163366864,3,,0.9999999999999947,3,8.9677762225962e-16,3,0.9999999999997108,3,2.891229091333874e-13,3,3
sim-datasets-data/srbench1.0/strogatz/strogatz_barmag1,strogatz_barmag1,pysr,A,srbench1.0,srbench1.0/strogatz,strogatz_barmag1,strict,pysr,10.753940065445484,3,,0.996039626479939,3,0.0019296005820260947,3,0.5703263890791039,3,0.25185169494446036,3,3
sim-datasets-data/srbench1.0/strogatz/strogatz_glider2,strogatz_glider2,pysr,A,srbench1.0,srbench1.0/strogatz,strogatz_glider2,strict,pysr,13.60893703415595,3,,0.9999999999999977,3,2.983462986656115e-16,3,0.9999999472562382,3,5.232645763859341e-08,3,3
sim-datasets-data/srbench1.0/strogatz/strogatz_lv1,strogatz_lv1,pysr,A,srbench1.0,srbench1.0/strogatz,strogatz_lv1,strict,pysr,19.323622956469283,3,,0.9999999999999962,2,3.4925360581745598e-15,2,1.0,2,1.0852853343357743e-17,2,3
sim-datasets-data/srbench1.0/strogatz/strogatz_lv2,strogatz_lv2,pysr,A,srbench1.0,srbench1.0/strogatz,strogatz_lv2,strict,pysr,19.06303378352109,3,,1.0,3,5.0351604761282377e-29,3,1.0,3,2.1097034805317e-32,3,3
sim-datasets-data/srbench1.0/strogatz/strogatz_predprey2,strogatz_predprey2,pysr,A,srbench1.0,srbench1.0/strogatz,strogatz_predprey2,strict,pysr,11.28188847917499,3,,0.9941684902285735,3,0.004504142924154581,3,0.5997124953504044,3,0.3228181162279716,3,3
sim-datasets-data/srbench1.0/strogatz/strogatz_shearflow1,strogatz_shearflow1,pysr,C,srbench1.0,srbench1.0/strogatz,strogatz_shearflow1,mid-gap,pysr,14.792069669550568,3,,0.9999999999999988,3,1.1869476608770955e-15,3,0.9999999999999988,3,9.139948177367054e-16,3,3
sim-datasets-data/srbench1.0/strogatz/strogatz_shearflow2,strogatz_shearflow2,pysr,A,srbench1.0,srbench1.0/strogatz,strogatz_shearflow2,strict,pysr,17.20532468893275,3,,0.9999999999999974,3,2.4715832557095165e-15,3,0.9999999999999982,3,1.6341621271457e-15,3,3
sim-datasets-data/srbench2025/firstprinciples/first_principles_kepler,first_principles_kepler,pysr,A,srbench2025,srbench2025/firstprinciples,first_principles_kepler,strict,llmsr,0.7936667671039512,3,,,0,0.006614047198228068,3,,0,0.06093439932881541,3,3
sim-datasets-data/srbench2025/firstprinciples/first_principles_leavitt,first_principles_leavitt,pysr,B,srbench2025,srbench2025/firstprinciples,first_principles_leavitt,one-sided,llmsr,,3,,0.7669989499778666,3,0.0002763209500350284,3,0.9582285962891571,3,0.0006328001316221987,3,3
sim-datasets-data/srbench2025/firstprinciples/first_principles_newton,first_principles_newton,pysr,A,srbench2025,srbench2025/firstprinciples,first_principles_newton,strict,pysr,60.13485337425536,3,,0.9712623819540385,3,1.8381802170090687e-05,3,0.9998887953715685,3,7.006546498292308e-06,3,3
sim-datasets-data/srbench2025/firstprinciples/first_principles_planck,first_principles_planck,pysr,A,srbench2025,srbench2025/firstprinciples,first_principles_planck,strict,pysr,12.095274822716505,3,,0.9991245590046846,3,0.0002843804419311687,3,0.9301667390114154,3,0.0007814786325641507,3,3
sim-datasets-data/srbench2025/firstprinciples/first_principles_rydberg,first_principles_rydberg,pysr,B,srbench2025,srbench2025/firstprinciples,first_principles_rydberg,one-sided,llmsr,,3,,0.9935492728258946,2,1.3349703709899682e-05,2,0.9999647505213277,2,1.0637596304903802e-06,2,3
sim-datasets-data/srbench2025/firstprinciples/first_principles_tully_fisher,first_principles_tully_fisher,pysr,B,srbench2025,srbench2025/firstprinciples,first_principles_tully_fisher,one-sided,llmsr,,3,,0.9425351957075985,3,0.0005519571976573426,3,0.9782877409922245,3,0.00029958722236934037,3,3
sim-datasets-data/srsd/srsd-feynman_easy/feynman-ii.15.4,feynman-ii.15.4,pysr,A,srsd,srsd/srsd-feynman_easy,feynman-ii.15.4,strict,pysr,31.897946552517645,3,,-1797.5912515727684,3,1798.2324030240436,3,-80.37144544830785,3,81.30364168951827,3,3
sim-datasets-data/srsd/srsd-feynman_easy_dummy/feynman-i.12.1,feynman-i.12.1,pysr,A,srsd,srsd/srsd-feynman_easy_dummy,feynman-i.12.1,strict,pysr,21.020368726900962,3,,0.9999999999999978,3,1.7878664945728553e-15,3,1.0,3,1.643455698756341e-32,3,3
sim-datasets-data/srsd/srsd-feynman_easy_dummy/feynman-i.14.3,feynman-i.14.3,pysr,A,srsd,srsd/srsd-feynman_easy_dummy,feynman-i.14.3,strict,pysr,55.13512878346362,3,,0.9999999999999986,3,1.508891288739113e-15,3,1.0,3,2.2875547172379633e-32,3,3
sim-datasets-data/srsd/srsd-feynman_easy_dummy/feynman-i.14.4,feynman-i.14.4,pysr,A,srsd,srsd/srsd-feynman_easy_dummy,feynman-i.14.4,strict,pysr,67.52260556875811,3,,-8.82261539047013e+37,3,7.977179681194377e+37,3,-1.2745457065892535e+40,3,1.6651222089759256e+38,3,3
sim-datasets-data/srsd/srsd-feynman_easy_dummy/feynman-i.18.12,feynman-i.18.12,pysr,A,srsd,srsd/srsd-feynman_easy_dummy,feynman-i.18.12,strict,pysr,31.07119460008794,3,,0.9999999999999908,3,9.261517545298647e-15,3,1.0,3,5.123270882482586e-31,3,3
sim-datasets-data/srsd/srsd-feynman_easy_dummy/feynman-i.18.16,feynman-i.18.16,pysr,A,srsd,srsd/srsd-feynman_easy_dummy,feynman-i.18.16,strict,pysr,49.59688380737006,3,,0.9999999999999947,3,5.408092320162125e-15,3,0.9999999999999997,3,3.1890153604183364e-16,3,3
sim-datasets-data/srsd/srsd-feynman_easy_dummy/feynman-i.25.13,feynman-i.25.13,pysr,A,srsd,srsd/srsd-feynman_easy_dummy,feynman-i.25.13,strict,pysr,70.14182717611325,3,,-9.403086583480656e+65,3,9.40207761837487e+65,3,-1.2810340895100108e+63,3,1.2768439918013953e+63,3,3
sim-datasets-data/srsd/srsd-feynman_easy_dummy/feynman-i.26.2,feynman-i.26.2,pysr,A,srsd,srsd/srsd-feynman_easy_dummy,feynman-i.26.2,strict,pysr,69.36464063711664,3,,-1.9193853780494203,3,2.8344809905536814,3,-0.11423957547279362,3,1.073999477831813,3,3
sim-datasets-data/srsd/srsd-feynman_easy_dummy/feynman-i.27.6,feynman-i.27.6,pysr,A,srsd,srsd/srsd-feynman_easy_dummy,feynman-i.27.6,strict,pysr,30.21946854792303,3,,-1.6226373648230098e+56,3,1.0967463235609235e+56,3,-7.406044370715242e+49,3,3.5019896311153014e+49,3,3
sim-datasets-data/srsd/srsd-feynman_easy_dummy/feynman-i.30.5,feynman-i.30.5,pysr,A,srsd,srsd/srsd-feynman_easy_dummy,feynman-i.30.5,strict,pysr,46.44841758003732,3,,-15795702.226737743,3,15703440.763807155,3,-61831325.12443417,3,61691756.75515726,3,3
sim-datasets-data/srsd/srsd-feynman_easy_dummy/feynman-ii.15.4,feynman-ii.15.4,pysr,A,srsd,srsd/srsd-feynman_easy_dummy,feynman-ii.15.4,strict,pysr,73.33993496861484,3,,-1797.5912306816388,3,1798.2323821166103,3,-80.7157068733177,3,81.70405548474115,3,3
sim-datasets-data/srsd/srsd-feynman_easy_dummy/feynman-ii.15.5,feynman-ii.15.5,pysr,A,srsd,srsd/srsd-feynman_easy_dummy,feynman-ii.15.5,strict,pysr,58.711954401883574,3,,-3.683707049093535e+78,2,3.6820881975976685e+78,2,-1.0558804171335895e+74,2,1.0535832000627868e+74,2,3
sim-datasets-data/srsd/srsd-feynman_easy_dummy/feynman-ii.34.11,feynman-ii.34.11,pysr,A,srsd,srsd/srsd-feynman_easy_dummy,feynman-ii.34.11,strict,pysr,49.43349146848047,3,,0.9999999999999951,3,4.843848843369032e-15,3,1.0,3,1.8751083201247475e-28,3,3
sim-datasets-data/srsd/srsd-feynman_easy_dummy/feynman-ii.38.3,feynman-ii.38.3,pysr,A,srsd,srsd/srsd-feynman_easy_dummy,feynman-ii.38.3,strict,pysr,30.184319269437566,3,,-8.185884818999382e+41,3,8.164145093932086e+41,3,-8.030790171646403e+41,3,8.02586327539883e+41,3,3
sim-datasets-data/srsd/srsd-feynman_easy_dummy/feynman-ii.8.31,feynman-ii.8.31,pysr,A,srsd,srsd/srsd-feynman_easy_dummy,feynman-ii.8.31,strict,pysr,25.820890617104084,3,,-0.0020697450232958956,3,0.7960957763015651,3,-35.24915189645563,3,0.8387907145274868,3,3
sim-datasets-data/srsd/srsd-feynman_easy_dummy/feynman-iii.12.43,feynman-iii.12.43,pysr,A,srsd,srsd/srsd-feynman_easy_dummy,feynman-iii.12.43,strict,pysr,80.73469108863276,3,,-90.57107363155951,3,22.590974020336443,3,-391.74114341437945,3,199.6146717525343,3,3
sim-datasets-data/srsd/srsd-feynman_easy_dummy/feynman-iii.15.27,feynman-iii.15.27,pysr,A,srsd,srsd/srsd-feynman_easy_dummy,feynman-iii.15.27,strict,pysr,31.51229206210018,3,,0.9999999999999982,3,1.748021953372203e-15,3,0.9999999999999991,3,9.744125052068852e-16,3,3
sim-datasets-data/srsd/srsd-feynman_hard/feynman-bonus.11,feynman-bonus.11,pysr,A,srsd,srsd/srsd-feynman_hard,feynman-bonus.11,strict,pysr,29.202807026621006,3,,1.0,3,1.2036267863270345e-17,3,0.9999999999999992,3,3.761509398812037e-16,3,3
sim-datasets-data/srsd/srsd-feynman_hard/feynman-bonus.17,feynman-bonus.17,pysr,A,srsd,srsd/srsd-feynman_hard,feynman-bonus.17,strict,pysr,31.62117948402384,3,,1.0,3,7.336336967024836e-32,3,1.0,3,5.732356926546368e-32,3,3
sim-datasets-data/srsd/srsd-feynman_hard/feynman-bonus.2,feynman-bonus.2,pysr,C,srsd,srsd/srsd-feynman_hard,feynman-bonus.2,mid-gap,llmsr,11.46471749778538,3,,-1905594100975135.8,3,1853811791885051.0,3,-479367636771482.06,3,474120144922091.3,3,3
sim-datasets-data/srsd/srsd-feynman_hard/feynman-bonus.20,feynman-bonus.20,pysr,A,srsd,srsd/srsd-feynman_hard,feynman-bonus.20,strict,pysr,68.23664649913333,3,,-0.02101722284107188,3,1.0,3,-0.006704462436640579,3,1.0,3,3
sim-datasets-data/srsd/srsd-feynman_hard/feynman-bonus.4,feynman-bonus.4,pysr,A,srsd,srsd/srsd-feynman_hard,feynman-bonus.4,strict,pysr,51.67035834252501,3,,0.9259506095419612,3,0.03444895095566143,3,-9.20209237098185,3,3.131610899911028,3,3
sim-datasets-data/srsd/srsd-feynman_hard/feynman-bonus.5,feynman-bonus.5,pysr,A,srsd,srsd/srsd-feynman_hard,feynman-bonus.5,strict,pysr,35.12558719638413,3,,0.6538324214846987,3,0.2762407445282114,3,0.07014728140949096,3,0.012312833714047858,3,3
sim-datasets-data/srsd/srsd-feynman_hard/feynman-bonus.7,feynman-bonus.7,pysr,A,srsd,srsd/srsd-feynman_hard,feynman-bonus.7,strict,pysr,72.04892032727449,3,,-0.3814452475119039,2,0.999999999585945,2,-1.7046359979673844,2,0.9999999945497171,2,3
sim-datasets-data/srsd/srsd-feynman_hard/feynman-i.41.16,feynman-i.41.16,pysr,A,srsd,srsd/srsd-feynman_hard,feynman-i.41.16,strict,pysr,61.8640164789593,3,,-1.7820015847836004e+172,3,1.6121743795799176e+172,3,-3.83864636386714e+181,3,1.2953438808245583e+180,3,3
sim-datasets-data/srsd/srsd-feynman_hard/feynman-i.50.26,feynman-i.50.26,pysr,A,srsd,srsd/srsd-feynman_hard,feynman-i.50.26,strict,pysr,28.517179120579478,3,,1.0,3,8.471455009294537e-18,3,1.0,3,9.05151757222778e-19,3,3
sim-datasets-data/srsd/srsd-feynman_hard/feynman-ii.11.20,feynman-ii.11.20,pysr,A,srsd,srsd/srsd-feynman_hard,feynman-ii.11.20,strict,llmsr,81.22971058609372,3,,0.7332116612772848,2,0.26678198888050597,2,-1.7400156784336311,2,2.7306302827572964,2,3
sim-datasets-data/srsd/srsd-feynman_hard/feynman-ii.11.27,feynman-ii.11.27,pysr,A,srsd,srsd/srsd-feynman_hard,feynman-ii.11.27,strict,pysr,78.9937596983217,3,,-4.433162703343798e+79,3,4.098868880926194e+79,3,-6.511156995355473e+78,3,2.642130662152588e+77,3,3
sim-datasets-data/srsd/srsd-feynman_hard/feynman-ii.11.28,feynman-ii.11.28,pysr,A,srsd,srsd/srsd-feynman_hard,feynman-ii.11.28,strict,pysr,59.42187161026767,3,,-0.24747679840648606,3,9.625045207397819e-15,3,-42.65179334371444,3,1.6305754991718998e-12,3,3
sim-datasets-data/srsd/srsd-feynman_hard/feynman-ii.35.18,feynman-ii.35.18,pysr,C,srsd,srsd/srsd-feynman_hard,feynman-ii.35.18,mid-gap,llmsr,11.97000975293118,3,,-0.7053551804241716,3,1.0000000419655306,3,-99.6558528797779,3,1.0000003647606828,3,3
sim-datasets-data/srsd/srsd-feynman_hard/feynman-iii.4.33,feynman-iii.4.33,pysr,A,srsd,srsd/srsd-feynman_hard,feynman-iii.4.33,strict,pysr,43.805515018796775,3,,-9.173324411521305e+45,2,5.246259916326022e+45,2,-4.636270161461919e+47,2,5.246457490673039e+45,2,3
sim-datasets-data/srsd/srsd-feynman_hard_dummy/feynman-bonus.10,feynman-bonus.10,pysr,A,srsd,srsd/srsd-feynman_hard_dummy,feynman-bonus.10,strict,pysr,31.169567974540513,3,,-1.0005353220779738,3,1.9965091362841896,3,-0.34053378858062205,3,1.339869377099081,3,3
sim-datasets-data/srsd/srsd-feynman_hard_dummy/feynman-bonus.11,feynman-bonus.11,pysr,A,srsd,srsd/srsd-feynman_hard_dummy,feynman-bonus.11,strict,pysr,36.57466004379454,3,,0.9999999999999981,3,1.4575413212466854e-15,3,1.0,3,1.6980227682892737e-22,3,3
sim-datasets-data/srsd/srsd-feynman_hard_dummy/feynman-bonus.16,feynman-bonus.16,pysr,A,srsd,srsd/srsd-feynman_hard_dummy,feynman-bonus.16,strict,pysr,36.920270746577444,3,,-110773.6674411855,2,79842.67783461526,2,-3.5154635470204854,2,0.9280595271024213,2,3
sim-datasets-data/srsd/srsd-feynman_hard_dummy/feynman-bonus.17,feynman-bonus.17,pysr,A,srsd,srsd/srsd-feynman_hard_dummy,feynman-bonus.17,strict,pysr,23.275242756702262,3,,0.9999999999999956,2,3.998304391665501e-15,2,1.0,2,3.0740341910955056e-32,2,3
sim-datasets-data/srsd/srsd-feynman_hard_dummy/feynman-bonus.3,feynman-bonus.3,pysr,A,srsd,srsd/srsd-feynman_hard_dummy,feynman-bonus.3,strict,pysr,23.478453930353165,3,,0.9439391670793319,1,0.03649529431662956,1,0.9938612203677324,1,0.0030861406929890214,1,3
sim-datasets-data/srsd/srsd-feynman_hard_dummy/feynman-bonus.4,feynman-bonus.4,pysr,A,srsd,srsd/srsd-feynman_hard_dummy,feynman-bonus.4,strict,pysr,51.67732861192477,3,,0.9259506095419612,3,0.03444895095566143,3,-9.20209237098185,3,3.131610899911028,3,3
sim-datasets-data/srsd/srsd-feynman_hard_dummy/feynman-bonus.5,feynman-bonus.5,pysr,A,srsd,srsd/srsd-feynman_hard_dummy,feynman-bonus.5,strict,pysr,34.60796549954348,3,,0.6538324214846987,3,0.2762407445282114,3,0.07014728140949096,3,0.012312833714047858,3,3
sim-datasets-data/srsd/srsd-feynman_hard_dummy/feynman-bonus.7,feynman-bonus.7,pysr,A,srsd,srsd/srsd-feynman_hard_dummy,feynman-bonus.7,strict,pysr,20.261273026936856,3,,-0.3814452475119039,1,0.999999999585945,1,-133.04618741020442,1,0.999999991001487,1,3
sim-datasets-data/srsd/srsd-feynman_hard_dummy/feynman-i.15.3x,feynman-i.15.3x,pysr,A,srsd,srsd/srsd-feynman_hard_dummy,feynman-i.15.3x,strict,pysr,31.682216311696685,3,,0.9999999577585067,1,4.218787511447071e-08,1,0.48172927255108233,1,0.5182402249789455,1,3
sim-datasets-data/srsd/srsd-feynman_hard_dummy/feynman-i.37.4,feynman-i.37.4,pysr,A,srsd,srsd/srsd-feynman_hard_dummy,feynman-i.37.4,strict,pysr,43.11715086373505,3,,-0.011967872521119638,2,0.5208923403516332,2,-61.111383525893,2,0.5612512283719402,2,3
sim-datasets-data/srsd/srsd-feynman_hard_dummy/feynman-i.41.16,feynman-i.41.16,pysr,A,srsd,srsd/srsd-feynman_hard_dummy,feynman-i.41.16,strict,llmsr,44.62014669304531,3,,-1.7820015847836004e+172,3,1.6121743795799176e+172,3,-3.83864636386714e+181,3,1.2953438808245583e+180,3,3
sim-datasets-data/srsd/srsd-feynman_hard_dummy/feynman-i.44.4,feynman-i.44.4,pysr,A,srsd,srsd/srsd-feynman_hard_dummy,feynman-i.44.4,strict,pysr,38.10882825649095,3,,0.9934885397876638,2,0.0065098417720327855,2,0.9708858608469406,2,0.029109181814528734,2,3
sim-datasets-data/srsd/srsd-feynman_hard_dummy/feynman-ii.11.20,feynman-ii.11.20,pysr,A,srsd,srsd/srsd-feynman_hard_dummy,feynman-ii.11.20,strict,llmsr,55.00611768434226,3,,0.7332116612772848,2,0.26678198888050597,2,-1.7400156784336311,2,2.7306302827572964,2,3
sim-datasets-data/srsd/srsd-feynman_hard_dummy/feynman-ii.11.27,feynman-ii.11.27,pysr,A,srsd,srsd/srsd-feynman_hard_dummy,feynman-ii.11.27,strict,pysr,78.9937596983217,3,,-4.433162703343798e+79,3,4.098868880926194e+79,3,-6.511156995355473e+78,3,2.642130662152588e+77,3,3
sim-datasets-data/srsd/srsd-feynman_hard_dummy/feynman-ii.35.18,feynman-ii.35.18,pysr,C,srsd,srsd/srsd-feynman_hard_dummy,feynman-ii.35.18,mid-gap,llmsr,11.74552492292468,3,,-0.726019472940805,3,1.0121173373179186,3,-21430.850314081392,3,215.65570829647456,3,3
sim-datasets-data/srsd/srsd-feynman_hard_dummy/feynman-ii.36.38,feynman-ii.36.38,pysr,A,srsd,srsd/srsd-feynman_hard_dummy,feynman-ii.36.38,strict,pysr,25.307083178035427,3,,0.5165276605886923,3,0.4827454761493463,3,0.2179037153727366,3,0.7819089465260918,3,3
sim-datasets-data/srsd/srsd-feynman_hard_dummy/feynman-iii.4.33,feynman-iii.4.33,pysr,A,srsd,srsd/srsd-feynman_hard_dummy,feynman-iii.4.33,strict,pysr,43.594915858913495,3,,-9.173324411521305e+45,2,5.246259916326022e+45,2,-4.636270161461919e+47,2,5.246457490673039e+45,2,3
sim-datasets-data/srsd/srsd-feynman_medium/feynman-i.43.31,feynman-i.43.31,pysr,A,srsd,srsd/srsd-feynman_medium,feynman-i.43.31,strict,pysr,23.76245199903229,3,,-0.0014564518040343828,3,0.8116516673790642,3,-26.55923597198409,3,0.9306576222467632,3,3
sim-datasets-data/srsd/srsd-feynman_medium_dummy/feynman-bonus.8,feynman-bonus.8,pysr,A,srsd,srsd/srsd-feynman_medium_dummy,feynman-bonus.8,strict,pysr,46.55614614634401,3,,-0.7216469358696362,3,1.0007431417533013,3,-124.84494732684993,3,2.6139960536708404,3,3
sim-datasets-data/srsd/srsd-feynman_medium_dummy/feynman-i.10.7,feynman-i.10.7,pysr,A,srsd,srsd/srsd-feynman_medium_dummy,feynman-i.10.7,strict,pysr,20.39767343254234,3,,0.9999999999594685,1,2.301626793673638e-11,1,0.9999535478566847,1,6.693324417799952e-07,1,3
sim-datasets-data/srsd/srsd-feynman_medium_dummy/feynman-i.11.19,feynman-i.11.19,pysr,A,srsd,srsd/srsd-feynman_medium_dummy,feynman-i.11.19,strict,pysr,34.321197364469114,3,,0.9999999999999981,3,1.920691563114864e-15,3,1.0,3,6.653747484880918e-19,3,3
sim-datasets-data/srsd/srsd-feynman_medium_dummy/feynman-i.12.11,feynman-i.12.11,pysr,A,srsd,srsd/srsd-feynman_medium_dummy,feynman-i.12.11,strict,pysr,22.025374045710088,3,,1.0,3,3.372271885897007e-17,3,1.0,3,3.4867670791246477e-17,3,3
sim-datasets-data/srsd/srsd-feynman_medium_dummy/feynman-i.18.4,feynman-i.18.4,pysr,A,srsd,srsd/srsd-feynman_medium_dummy,feynman-i.18.4,strict,pysr,34.90025555252794,3,,0.9999999999999986,3,1.46755385082279e-15,3,1.0,3,1.734046854102272e-20,3,3
sim-datasets-data/srsd/srsd-feynman_medium_dummy/feynman-i.24.6,feynman-i.24.6,pysr,A,srsd,srsd/srsd-feynman_medium_dummy,feynman-i.24.6,strict,pysr,31.333938271029858,3,,0.9999999999090496,3,8.703891443755732e-11,3,0.9999999975743519,3,8.66307545302614e-11,3,3
sim-datasets-data/srsd/srsd-feynman_medium_dummy/feynman-i.29.4,feynman-i.29.4,pysr,A,srsd,srsd/srsd-feynman_medium_dummy,feynman-i.29.4,strict,pysr,55.717266799970076,3,,-1.1518926810461275e+22,3,6.618002487987685e+21,3,-3.929399649785179e+27,3,4.305925190906466e+25,3,3
sim-datasets-data/srsd/srsd-feynman_medium_dummy/feynman-i.34.27,feynman-i.34.27,pysr,A,srsd,srsd/srsd-feynman_medium_dummy,feynman-i.34.27,strict,pysr,54.41489072906627,3,,-1.4073401389476716e+106,3,8.040234782908219e+105,3,-8.63333129644759e+107,3,8.855957008879457e+105,3,3
sim-datasets-data/srsd/srsd-feynman_medium_dummy/feynman-i.38.12,feynman-i.38.12,pysr,A,srsd,srsd/srsd-feynman_medium_dummy,feynman-i.38.12,strict,pysr,59.38570853695814,3,,-3.0839322915458244e+104,2,2.7945353632468078e+104,2,-4.200172859795654e+109,2,4.158274466043411e+109,2,3
sim-datasets-data/srsd/srsd-feynman_medium_dummy/feynman-i.39.10,feynman-i.39.10,pysr,A,srsd,srsd/srsd-feynman_medium_dummy,feynman-i.39.10,strict,pysr,28.660572780600248,3,,0.9999999999999957,3,3.522831923218317e-15,3,0.9999999999999449,3,1.4814801785166586e-15,3,3
sim-datasets-data/srsd/srsd-feynman_medium_dummy/feynman-i.43.31,feynman-i.43.31,pysr,A,srsd,srsd/srsd-feynman_medium_dummy,feynman-i.43.31,strict,pysr,23.7071665439194,3,,-0.0014564518040343828,3,0.8116516673790642,3,-26.55923597198409,3,0.9306576222467632,3,3
sim-datasets-data/srsd/srsd-feynman_medium_dummy/feynman-ii.11.3,feynman-ii.11.3,pysr,A,srsd,srsd/srsd-feynman_medium_dummy,feynman-ii.11.3,strict,pysr,37.71484999328035,3,,-4.5590829363641525,2,5.551426321855374,2,-429115.53931163787,2,429094.6422967975,2,3
sim-datasets-data/srsd/srsd-feynman_medium_dummy/feynman-ii.21.32,feynman-ii.21.32,pysr,A,srsd,srsd/srsd-feynman_medium_dummy,feynman-ii.21.32,strict,pysr,21.19439996686507,3,,0.9999999992976674,2,7.020678562910984e-10,2,0.9999999033836353,2,9.661612569828464e-08,2,3
sim-datasets-data/srsd/srsd-feynman_medium_dummy/feynman-ii.34.29a,feynman-ii.34.29a,pysr,A,srsd,srsd/srsd-feynman_medium_dummy,feynman-ii.34.29a,strict,pysr,73.92642534809656,3,,-0.00012545224868243388,3,0.9999989862517839,3,-4.246887633341245e-06,3,1.0000041993198638,3,3
sim-datasets-data/srsd/srsd-feynman_medium_dummy/feynman-ii.37.1,feynman-ii.37.1,pysr,A,srsd,srsd/srsd-feynman_medium_dummy,feynman-ii.37.1,strict,pysr,41.19040412905237,3,,-3.724558770407735e+33,2,3.724554885969328e+33,2,-7.42198356713913e+26,2,7.417525966840681e+26,2,3
sim-datasets-data/srsd/srsd-feynman_medium_dummy/feynman-ii.8.7,feynman-ii.8.7,pysr,A,srsd,srsd/srsd-feynman_medium_dummy,feynman-ii.8.7,strict,pysr,30.74218594777431,3,,-9.162369844338683e+109,3,8.283641421561567e+109,3,-1.946340214105251e+105,3,1.829849021226118e+105,3,3
sim-datasets-data/srsd/srsd-feynman_medium_dummy/feynman-iii.13.18,feynman-iii.13.18,pysr,A,srsd,srsd/srsd-feynman_medium_dummy,feynman-iii.13.18,strict,pysr,52.727246919042145,3,,0.9984883613327235,3,0.0015111216015313133,3,0.4755237041535792,3,0.5223780056467243,3,3
sim-datasets-data/srsd/srsd-feynman_medium_dummy/feynman-iii.15.12,feynman-iii.15.12,pysr,A,srsd,srsd/srsd-feynman_medium_dummy,feynman-iii.15.12,strict,pysr,104.99462486025288,3,,-8.224206505668138e+111,1,7.980127059854596e+111,1,-1.0852640654123928e+114,1,6.1207712577683665e+112,1,3
sim-datasets-data/srsd/srsd-feynman_medium_dummy/feynman-iii.15.14,feynman-iii.15.14,pysr,A,srsd,srsd/srsd-feynman_medium_dummy,feynman-iii.15.14,strict,pysr,84.04599091203193,3,,-0.10629805125356784,2,1.0007864028007756,2,-410.27637448047756,2,409.1963068694785,2,3
sim-datasets-data/srsd/srsd-feynman_medium_dummy/feynman-iii.17.37,feynman-iii.17.37,pysr,A,srsd,srsd/srsd-feynman_medium_dummy,feynman-iii.17.37,strict,pysr,50.51641476590436,3,,1.0,3,2.517481603453494e-32,3,1.0,3,5.0980638595603575e-30,3,3
sim-datasets-data/srsd/srsd-feynman_medium_dummy/feynman-iii.4.32,feynman-iii.4.32,pysr,A,srsd,srsd/srsd-feynman_medium_dummy,feynman-iii.4.32,strict,pysr,23.59188327067846,3,,0.9998934051734133,3,8.625076828237901e-05,3,0.9619145961842445,3,0.036809720785874585,3,3
