tool,machine,global_index,slice_index,family,subgroup,dataset_name,dataset_dir,train_csv,valid_csv,id_test_csv,ood_test_csv,metadata_yaml,has_formula_py
llmsr,iaaccn27,167,1,llm-srbench,lsrtransform,III.21.20_2_0,sim-datasets-data/llm-srbench/lsrtransform/III.21.20_2_0,sim-datasets-data/llm-srbench/lsrtransform/III.21.20_2_0/train.csv,sim-datasets-data/llm-srbench/lsrtransform/III.21.20_2_0/valid.csv,sim-datasets-data/llm-srbench/lsrtransform/III.21.20_2_0/id_test.csv,sim-datasets-data/llm-srbench/lsrtransform/III.21.20_2_0/ood_test.csv,sim-datasets-data/llm-srbench/lsrtransform/III.21.20_2_0/metadata.yaml,yes
llmsr,iaaccn27,168,2,llm-srbench,lsrtransform,III.21.20_3_0,sim-datasets-data/llm-srbench/lsrtransform/III.21.20_3_0,sim-datasets-data/llm-srbench/lsrtransform/III.21.20_3_0/train.csv,sim-datasets-data/llm-srbench/lsrtransform/III.21.20_3_0/valid.csv,sim-datasets-data/llm-srbench/lsrtransform/III.21.20_3_0/id_test.csv,sim-datasets-data/llm-srbench/lsrtransform/III.21.20_3_0/ood_test.csv,sim-datasets-data/llm-srbench/lsrtransform/III.21.20_3_0/metadata.yaml,yes
llmsr,iaaccn27,169,3,llm-srbench,lsrtransform,III.4.33_3_0,sim-datasets-data/llm-srbench/lsrtransform/III.4.33_3_0,sim-datasets-data/llm-srbench/lsrtransform/III.4.33_3_0/train.csv,sim-datasets-data/llm-srbench/lsrtransform/III.4.33_3_0/valid.csv,sim-datasets-data/llm-srbench/lsrtransform/III.4.33_3_0/id_test.csv,sim-datasets-data/llm-srbench/lsrtransform/III.4.33_3_0/ood_test.csv,sim-datasets-data/llm-srbench/lsrtransform/III.4.33_3_0/metadata.yaml,yes
llmsr,iaaccn27,170,4,llm-srbench,lsrtransform,III.9.52_0_0,sim-datasets-data/llm-srbench/lsrtransform/III.9.52_0_0,sim-datasets-data/llm-srbench/lsrtransform/III.9.52_0_0/train.csv,sim-datasets-data/llm-srbench/lsrtransform/III.9.52_0_0/valid.csv,sim-datasets-data/llm-srbench/lsrtransform/III.9.52_0_0/id_test.csv,sim-datasets-data/llm-srbench/lsrtransform/III.9.52_0_0/ood_test.csv,sim-datasets-data/llm-srbench/lsrtransform/III.9.52_0_0/metadata.yaml,yes
llmsr,iaaccn27,171,5,llm-srbench,lsrtransform,III.9.52_1_0,sim-datasets-data/llm-srbench/lsrtransform/III.9.52_1_0,sim-datasets-data/llm-srbench/lsrtransform/III.9.52_1_0/train.csv,sim-datasets-data/llm-srbench/lsrtransform/III.9.52_1_0/valid.csv,sim-datasets-data/llm-srbench/lsrtransform/III.9.52_1_0/id_test.csv,sim-datasets-data/llm-srbench/lsrtransform/III.9.52_1_0/ood_test.csv,sim-datasets-data/llm-srbench/lsrtransform/III.9.52_1_0/metadata.yaml,yes
llmsr,iaaccn27,172,6,llm-srbench,matsci,MatSci0,sim-datasets-data/llm-srbench/matsci/MatSci0,sim-datasets-data/llm-srbench/matsci/MatSci0/train.csv,sim-datasets-data/llm-srbench/matsci/MatSci0/valid.csv,sim-datasets-data/llm-srbench/matsci/MatSci0/id_test.csv,sim-datasets-data/llm-srbench/matsci/MatSci0/ood_test.csv,sim-datasets-data/llm-srbench/matsci/MatSci0/metadata.yaml,yes
llmsr,iaaccn27,173,7,llm-srbench,matsci,MatSci1,sim-datasets-data/llm-srbench/matsci/MatSci1,sim-datasets-data/llm-srbench/matsci/MatSci1/train.csv,sim-datasets-data/llm-srbench/matsci/MatSci1/valid.csv,sim-datasets-data/llm-srbench/matsci/MatSci1/id_test.csv,sim-datasets-data/llm-srbench/matsci/MatSci1/ood_test.csv,sim-datasets-data/llm-srbench/matsci/MatSci1/metadata.yaml,yes
llmsr,iaaccn27,174,8,llm-srbench,matsci,MatSci10,sim-datasets-data/llm-srbench/matsci/MatSci10,sim-datasets-data/llm-srbench/matsci/MatSci10/train.csv,sim-datasets-data/llm-srbench/matsci/MatSci10/valid.csv,sim-datasets-data/llm-srbench/matsci/MatSci10/id_test.csv,sim-datasets-data/llm-srbench/matsci/MatSci10/ood_test.csv,sim-datasets-data/llm-srbench/matsci/MatSci10/metadata.yaml,yes
llmsr,iaaccn27,175,9,llm-srbench,matsci,MatSci11,sim-datasets-data/llm-srbench/matsci/MatSci11,sim-datasets-data/llm-srbench/matsci/MatSci11/train.csv,sim-datasets-data/llm-srbench/matsci/MatSci11/valid.csv,sim-datasets-data/llm-srbench/matsci/MatSci11/id_test.csv,sim-datasets-data/llm-srbench/matsci/MatSci11/ood_test.csv,sim-datasets-data/llm-srbench/matsci/MatSci11/metadata.yaml,yes
llmsr,iaaccn27,176,10,llm-srbench,matsci,MatSci12,sim-datasets-data/llm-srbench/matsci/MatSci12,sim-datasets-data/llm-srbench/matsci/MatSci12/train.csv,sim-datasets-data/llm-srbench/matsci/MatSci12/valid.csv,sim-datasets-data/llm-srbench/matsci/MatSci12/id_test.csv,sim-datasets-data/llm-srbench/matsci/MatSci12/ood_test.csv,sim-datasets-data/llm-srbench/matsci/MatSci12/metadata.yaml,yes
llmsr,iaaccn27,177,11,llm-srbench,matsci,MatSci13,sim-datasets-data/llm-srbench/matsci/MatSci13,sim-datasets-data/llm-srbench/matsci/MatSci13/train.csv,sim-datasets-data/llm-srbench/matsci/MatSci13/valid.csv,sim-datasets-data/llm-srbench/matsci/MatSci13/id_test.csv,sim-datasets-data/llm-srbench/matsci/MatSci13/ood_test.csv,sim-datasets-data/llm-srbench/matsci/MatSci13/metadata.yaml,yes
llmsr,iaaccn27,178,12,llm-srbench,matsci,MatSci14,sim-datasets-data/llm-srbench/matsci/MatSci14,sim-datasets-data/llm-srbench/matsci/MatSci14/train.csv,sim-datasets-data/llm-srbench/matsci/MatSci14/valid.csv,sim-datasets-data/llm-srbench/matsci/MatSci14/id_test.csv,sim-datasets-data/llm-srbench/matsci/MatSci14/ood_test.csv,sim-datasets-data/llm-srbench/matsci/MatSci14/metadata.yaml,yes
llmsr,iaaccn27,179,13,llm-srbench,matsci,MatSci16,sim-datasets-data/llm-srbench/matsci/MatSci16,sim-datasets-data/llm-srbench/matsci/MatSci16/train.csv,sim-datasets-data/llm-srbench/matsci/MatSci16/valid.csv,sim-datasets-data/llm-srbench/matsci/MatSci16/id_test.csv,sim-datasets-data/llm-srbench/matsci/MatSci16/ood_test.csv,sim-datasets-data/llm-srbench/matsci/MatSci16/metadata.yaml,yes
llmsr,iaaccn27,180,14,llm-srbench,matsci,MatSci18,sim-datasets-data/llm-srbench/matsci/MatSci18,sim-datasets-data/llm-srbench/matsci/MatSci18/train.csv,sim-datasets-data/llm-srbench/matsci/MatSci18/valid.csv,sim-datasets-data/llm-srbench/matsci/MatSci18/id_test.csv,sim-datasets-data/llm-srbench/matsci/MatSci18/ood_test.csv,sim-datasets-data/llm-srbench/matsci/MatSci18/metadata.yaml,yes
llmsr,iaaccn27,181,15,llm-srbench,matsci,MatSci19,sim-datasets-data/llm-srbench/matsci/MatSci19,sim-datasets-data/llm-srbench/matsci/MatSci19/train.csv,sim-datasets-data/llm-srbench/matsci/MatSci19/valid.csv,sim-datasets-data/llm-srbench/matsci/MatSci19/id_test.csv,sim-datasets-data/llm-srbench/matsci/MatSci19/ood_test.csv,sim-datasets-data/llm-srbench/matsci/MatSci19/metadata.yaml,yes
llmsr,iaaccn27,182,16,llm-srbench,matsci,MatSci2,sim-datasets-data/llm-srbench/matsci/MatSci2,sim-datasets-data/llm-srbench/matsci/MatSci2/train.csv,sim-datasets-data/llm-srbench/matsci/MatSci2/valid.csv,sim-datasets-data/llm-srbench/matsci/MatSci2/id_test.csv,sim-datasets-data/llm-srbench/matsci/MatSci2/ood_test.csv,sim-datasets-data/llm-srbench/matsci/MatSci2/metadata.yaml,yes
llmsr,iaaccn27,183,17,llm-srbench,matsci,MatSci20,sim-datasets-data/llm-srbench/matsci/MatSci20,sim-datasets-data/llm-srbench/matsci/MatSci20/train.csv,sim-datasets-data/llm-srbench/matsci/MatSci20/valid.csv,sim-datasets-data/llm-srbench/matsci/MatSci20/id_test.csv,sim-datasets-data/llm-srbench/matsci/MatSci20/ood_test.csv,sim-datasets-data/llm-srbench/matsci/MatSci20/metadata.yaml,yes
llmsr,iaaccn27,184,18,llm-srbench,matsci,MatSci21,sim-datasets-data/llm-srbench/matsci/MatSci21,sim-datasets-data/llm-srbench/matsci/MatSci21/train.csv,sim-datasets-data/llm-srbench/matsci/MatSci21/valid.csv,sim-datasets-data/llm-srbench/matsci/MatSci21/id_test.csv,sim-datasets-data/llm-srbench/matsci/MatSci21/ood_test.csv,sim-datasets-data/llm-srbench/matsci/MatSci21/metadata.yaml,yes
llmsr,iaaccn27,185,19,llm-srbench,matsci,MatSci22,sim-datasets-data/llm-srbench/matsci/MatSci22,sim-datasets-data/llm-srbench/matsci/MatSci22/train.csv,sim-datasets-data/llm-srbench/matsci/MatSci22/valid.csv,sim-datasets-data/llm-srbench/matsci/MatSci22/id_test.csv,sim-datasets-data/llm-srbench/matsci/MatSci22/ood_test.csv,sim-datasets-data/llm-srbench/matsci/MatSci22/metadata.yaml,yes
llmsr,iaaccn27,186,20,llm-srbench,matsci,MatSci23,sim-datasets-data/llm-srbench/matsci/MatSci23,sim-datasets-data/llm-srbench/matsci/MatSci23/train.csv,sim-datasets-data/llm-srbench/matsci/MatSci23/valid.csv,sim-datasets-data/llm-srbench/matsci/MatSci23/id_test.csv,sim-datasets-data/llm-srbench/matsci/MatSci23/ood_test.csv,sim-datasets-data/llm-srbench/matsci/MatSci23/metadata.yaml,yes
llmsr,iaaccn27,187,21,llm-srbench,matsci,MatSci24,sim-datasets-data/llm-srbench/matsci/MatSci24,sim-datasets-data/llm-srbench/matsci/MatSci24/train.csv,sim-datasets-data/llm-srbench/matsci/MatSci24/valid.csv,sim-datasets-data/llm-srbench/matsci/MatSci24/id_test.csv,sim-datasets-data/llm-srbench/matsci/MatSci24/ood_test.csv,sim-datasets-data/llm-srbench/matsci/MatSci24/metadata.yaml,yes
llmsr,iaaccn27,188,22,llm-srbench,matsci,MatSci25,sim-datasets-data/llm-srbench/matsci/MatSci25,sim-datasets-data/llm-srbench/matsci/MatSci25/train.csv,sim-datasets-data/llm-srbench/matsci/MatSci25/valid.csv,sim-datasets-data/llm-srbench/matsci/MatSci25/id_test.csv,sim-datasets-data/llm-srbench/matsci/MatSci25/ood_test.csv,sim-datasets-data/llm-srbench/matsci/MatSci25/metadata.yaml,yes
llmsr,iaaccn27,189,23,llm-srbench,matsci,MatSci28,sim-datasets-data/llm-srbench/matsci/MatSci28,sim-datasets-data/llm-srbench/matsci/MatSci28/train.csv,sim-datasets-data/llm-srbench/matsci/MatSci28/valid.csv,sim-datasets-data/llm-srbench/matsci/MatSci28/id_test.csv,sim-datasets-data/llm-srbench/matsci/MatSci28/ood_test.csv,sim-datasets-data/llm-srbench/matsci/MatSci28/metadata.yaml,yes
llmsr,iaaccn27,190,24,llm-srbench,matsci,MatSci3,sim-datasets-data/llm-srbench/matsci/MatSci3,sim-datasets-data/llm-srbench/matsci/MatSci3/train.csv,sim-datasets-data/llm-srbench/matsci/MatSci3/valid.csv,sim-datasets-data/llm-srbench/matsci/MatSci3/id_test.csv,sim-datasets-data/llm-srbench/matsci/MatSci3/ood_test.csv,sim-datasets-data/llm-srbench/matsci/MatSci3/metadata.yaml,yes
llmsr,iaaccn27,191,25,llm-srbench,matsci,MatSci4,sim-datasets-data/llm-srbench/matsci/MatSci4,sim-datasets-data/llm-srbench/matsci/MatSci4/train.csv,sim-datasets-data/llm-srbench/matsci/MatSci4/valid.csv,sim-datasets-data/llm-srbench/matsci/MatSci4/id_test.csv,sim-datasets-data/llm-srbench/matsci/MatSci4/ood_test.csv,sim-datasets-data/llm-srbench/matsci/MatSci4/metadata.yaml,yes
llmsr,iaaccn27,192,26,llm-srbench,matsci,MatSci5,sim-datasets-data/llm-srbench/matsci/MatSci5,sim-datasets-data/llm-srbench/matsci/MatSci5/train.csv,sim-datasets-data/llm-srbench/matsci/MatSci5/valid.csv,sim-datasets-data/llm-srbench/matsci/MatSci5/id_test.csv,sim-datasets-data/llm-srbench/matsci/MatSci5/ood_test.csv,sim-datasets-data/llm-srbench/matsci/MatSci5/metadata.yaml,yes
llmsr,iaaccn27,193,27,llm-srbench,matsci,MatSci6,sim-datasets-data/llm-srbench/matsci/MatSci6,sim-datasets-data/llm-srbench/matsci/MatSci6/train.csv,sim-datasets-data/llm-srbench/matsci/MatSci6/valid.csv,sim-datasets-data/llm-srbench/matsci/MatSci6/id_test.csv,sim-datasets-data/llm-srbench/matsci/MatSci6/ood_test.csv,sim-datasets-data/llm-srbench/matsci/MatSci6/metadata.yaml,yes
llmsr,iaaccn27,194,28,llm-srbench,matsci,MatSci7,sim-datasets-data/llm-srbench/matsci/MatSci7,sim-datasets-data/llm-srbench/matsci/MatSci7/train.csv,sim-datasets-data/llm-srbench/matsci/MatSci7/valid.csv,sim-datasets-data/llm-srbench/matsci/MatSci7/id_test.csv,sim-datasets-data/llm-srbench/matsci/MatSci7/ood_test.csv,sim-datasets-data/llm-srbench/matsci/MatSci7/metadata.yaml,yes
llmsr,iaaccn27,195,29,llm-srbench,matsci,MatSci8,sim-datasets-data/llm-srbench/matsci/MatSci8,sim-datasets-data/llm-srbench/matsci/MatSci8/train.csv,sim-datasets-data/llm-srbench/matsci/MatSci8/valid.csv,sim-datasets-data/llm-srbench/matsci/MatSci8/id_test.csv,sim-datasets-data/llm-srbench/matsci/MatSci8/ood_test.csv,sim-datasets-data/llm-srbench/matsci/MatSci8/metadata.yaml,yes
llmsr,iaaccn27,196,30,llm-srbench,matsci,MatSci9,sim-datasets-data/llm-srbench/matsci/MatSci9,sim-datasets-data/llm-srbench/matsci/MatSci9/train.csv,sim-datasets-data/llm-srbench/matsci/MatSci9/valid.csv,sim-datasets-data/llm-srbench/matsci/MatSci9/id_test.csv,sim-datasets-data/llm-srbench/matsci/MatSci9/ood_test.csv,sim-datasets-data/llm-srbench/matsci/MatSci9/metadata.yaml,yes
llmsr,iaaccn27,197,31,llm-srbench,phys_osc,PO0,sim-datasets-data/llm-srbench/phys_osc/PO0,sim-datasets-data/llm-srbench/phys_osc/PO0/train.csv,sim-datasets-data/llm-srbench/phys_osc/PO0/valid.csv,sim-datasets-data/llm-srbench/phys_osc/PO0/id_test.csv,sim-datasets-data/llm-srbench/phys_osc/PO0/ood_test.csv,sim-datasets-data/llm-srbench/phys_osc/PO0/metadata.yaml,yes
llmsr,iaaccn27,198,32,llm-srbench,phys_osc,PO1,sim-datasets-data/llm-srbench/phys_osc/PO1,sim-datasets-data/llm-srbench/phys_osc/PO1/train.csv,sim-datasets-data/llm-srbench/phys_osc/PO1/valid.csv,sim-datasets-data/llm-srbench/phys_osc/PO1/id_test.csv,sim-datasets-data/llm-srbench/phys_osc/PO1/ood_test.csv,sim-datasets-data/llm-srbench/phys_osc/PO1/metadata.yaml,yes
llmsr,iaaccn27,199,33,llm-srbench,phys_osc,PO10,sim-datasets-data/llm-srbench/phys_osc/PO10,sim-datasets-data/llm-srbench/phys_osc/PO10/train.csv,sim-datasets-data/llm-srbench/phys_osc/PO10/valid.csv,sim-datasets-data/llm-srbench/phys_osc/PO10/id_test.csv,sim-datasets-data/llm-srbench/phys_osc/PO10/ood_test.csv,sim-datasets-data/llm-srbench/phys_osc/PO10/metadata.yaml,yes
llmsr,iaaccn27,200,34,llm-srbench,phys_osc,PO11,sim-datasets-data/llm-srbench/phys_osc/PO11,sim-datasets-data/llm-srbench/phys_osc/PO11/train.csv,sim-datasets-data/llm-srbench/phys_osc/PO11/valid.csv,sim-datasets-data/llm-srbench/phys_osc/PO11/id_test.csv,sim-datasets-data/llm-srbench/phys_osc/PO11/ood_test.csv,sim-datasets-data/llm-srbench/phys_osc/PO11/metadata.yaml,yes
llmsr,iaaccn27,201,35,llm-srbench,phys_osc,PO12,sim-datasets-data/llm-srbench/phys_osc/PO12,sim-datasets-data/llm-srbench/phys_osc/PO12/train.csv,sim-datasets-data/llm-srbench/phys_osc/PO12/valid.csv,sim-datasets-data/llm-srbench/phys_osc/PO12/id_test.csv,sim-datasets-data/llm-srbench/phys_osc/PO12/ood_test.csv,sim-datasets-data/llm-srbench/phys_osc/PO12/metadata.yaml,yes
llmsr,iaaccn27,202,36,llm-srbench,phys_osc,PO13,sim-datasets-data/llm-srbench/phys_osc/PO13,sim-datasets-data/llm-srbench/phys_osc/PO13/train.csv,sim-datasets-data/llm-srbench/phys_osc/PO13/valid.csv,sim-datasets-data/llm-srbench/phys_osc/PO13/id_test.csv,sim-datasets-data/llm-srbench/phys_osc/PO13/ood_test.csv,sim-datasets-data/llm-srbench/phys_osc/PO13/metadata.yaml,yes
llmsr,iaaccn27,203,37,llm-srbench,phys_osc,PO14,sim-datasets-data/llm-srbench/phys_osc/PO14,sim-datasets-data/llm-srbench/phys_osc/PO14/train.csv,sim-datasets-data/llm-srbench/phys_osc/PO14/valid.csv,sim-datasets-data/llm-srbench/phys_osc/PO14/id_test.csv,sim-datasets-data/llm-srbench/phys_osc/PO14/ood_test.csv,sim-datasets-data/llm-srbench/phys_osc/PO14/metadata.yaml,yes
llmsr,iaaccn27,204,38,llm-srbench,phys_osc,PO15,sim-datasets-data/llm-srbench/phys_osc/PO15,sim-datasets-data/llm-srbench/phys_osc/PO15/train.csv,sim-datasets-data/llm-srbench/phys_osc/PO15/valid.csv,sim-datasets-data/llm-srbench/phys_osc/PO15/id_test.csv,sim-datasets-data/llm-srbench/phys_osc/PO15/ood_test.csv,sim-datasets-data/llm-srbench/phys_osc/PO15/metadata.yaml,yes
llmsr,iaaccn27,205,39,llm-srbench,phys_osc,PO16,sim-datasets-data/llm-srbench/phys_osc/PO16,sim-datasets-data/llm-srbench/phys_osc/PO16/train.csv,sim-datasets-data/llm-srbench/phys_osc/PO16/valid.csv,sim-datasets-data/llm-srbench/phys_osc/PO16/id_test.csv,sim-datasets-data/llm-srbench/phys_osc/PO16/ood_test.csv,sim-datasets-data/llm-srbench/phys_osc/PO16/metadata.yaml,yes
llmsr,iaaccn27,206,40,llm-srbench,phys_osc,PO17,sim-datasets-data/llm-srbench/phys_osc/PO17,sim-datasets-data/llm-srbench/phys_osc/PO17/train.csv,sim-datasets-data/llm-srbench/phys_osc/PO17/valid.csv,sim-datasets-data/llm-srbench/phys_osc/PO17/id_test.csv,sim-datasets-data/llm-srbench/phys_osc/PO17/ood_test.csv,sim-datasets-data/llm-srbench/phys_osc/PO17/metadata.yaml,yes
llmsr,iaaccn27,207,41,llm-srbench,phys_osc,PO18,sim-datasets-data/llm-srbench/phys_osc/PO18,sim-datasets-data/llm-srbench/phys_osc/PO18/train.csv,sim-datasets-data/llm-srbench/phys_osc/PO18/valid.csv,sim-datasets-data/llm-srbench/phys_osc/PO18/id_test.csv,sim-datasets-data/llm-srbench/phys_osc/PO18/ood_test.csv,sim-datasets-data/llm-srbench/phys_osc/PO18/metadata.yaml,yes
llmsr,iaaccn27,208,42,llm-srbench,phys_osc,PO19,sim-datasets-data/llm-srbench/phys_osc/PO19,sim-datasets-data/llm-srbench/phys_osc/PO19/train.csv,sim-datasets-data/llm-srbench/phys_osc/PO19/valid.csv,sim-datasets-data/llm-srbench/phys_osc/PO19/id_test.csv,sim-datasets-data/llm-srbench/phys_osc/PO19/ood_test.csv,sim-datasets-data/llm-srbench/phys_osc/PO19/metadata.yaml,yes
llmsr,iaaccn27,209,43,llm-srbench,phys_osc,PO2,sim-datasets-data/llm-srbench/phys_osc/PO2,sim-datasets-data/llm-srbench/phys_osc/PO2/train.csv,sim-datasets-data/llm-srbench/phys_osc/PO2/valid.csv,sim-datasets-data/llm-srbench/phys_osc/PO2/id_test.csv,sim-datasets-data/llm-srbench/phys_osc/PO2/ood_test.csv,sim-datasets-data/llm-srbench/phys_osc/PO2/metadata.yaml,yes
llmsr,iaaccn27,210,44,llm-srbench,phys_osc,PO20,sim-datasets-data/llm-srbench/phys_osc/PO20,sim-datasets-data/llm-srbench/phys_osc/PO20/train.csv,sim-datasets-data/llm-srbench/phys_osc/PO20/valid.csv,sim-datasets-data/llm-srbench/phys_osc/PO20/id_test.csv,sim-datasets-data/llm-srbench/phys_osc/PO20/ood_test.csv,sim-datasets-data/llm-srbench/phys_osc/PO20/metadata.yaml,yes
llmsr,iaaccn27,211,45,llm-srbench,phys_osc,PO21,sim-datasets-data/llm-srbench/phys_osc/PO21,sim-datasets-data/llm-srbench/phys_osc/PO21/train.csv,sim-datasets-data/llm-srbench/phys_osc/PO21/valid.csv,sim-datasets-data/llm-srbench/phys_osc/PO21/id_test.csv,sim-datasets-data/llm-srbench/phys_osc/PO21/ood_test.csv,sim-datasets-data/llm-srbench/phys_osc/PO21/metadata.yaml,yes
llmsr,iaaccn27,212,46,llm-srbench,phys_osc,PO22,sim-datasets-data/llm-srbench/phys_osc/PO22,sim-datasets-data/llm-srbench/phys_osc/PO22/train.csv,sim-datasets-data/llm-srbench/phys_osc/PO22/valid.csv,sim-datasets-data/llm-srbench/phys_osc/PO22/id_test.csv,sim-datasets-data/llm-srbench/phys_osc/PO22/ood_test.csv,sim-datasets-data/llm-srbench/phys_osc/PO22/metadata.yaml,yes
llmsr,iaaccn27,213,47,llm-srbench,phys_osc,PO23,sim-datasets-data/llm-srbench/phys_osc/PO23,sim-datasets-data/llm-srbench/phys_osc/PO23/train.csv,sim-datasets-data/llm-srbench/phys_osc/PO23/valid.csv,sim-datasets-data/llm-srbench/phys_osc/PO23/id_test.csv,sim-datasets-data/llm-srbench/phys_osc/PO23/ood_test.csv,sim-datasets-data/llm-srbench/phys_osc/PO23/metadata.yaml,yes
llmsr,iaaccn27,214,48,llm-srbench,phys_osc,PO24,sim-datasets-data/llm-srbench/phys_osc/PO24,sim-datasets-data/llm-srbench/phys_osc/PO24/train.csv,sim-datasets-data/llm-srbench/phys_osc/PO24/valid.csv,sim-datasets-data/llm-srbench/phys_osc/PO24/id_test.csv,sim-datasets-data/llm-srbench/phys_osc/PO24/ood_test.csv,sim-datasets-data/llm-srbench/phys_osc/PO24/metadata.yaml,yes
llmsr,iaaccn27,215,49,llm-srbench,phys_osc,PO25,sim-datasets-data/llm-srbench/phys_osc/PO25,sim-datasets-data/llm-srbench/phys_osc/PO25/train.csv,sim-datasets-data/llm-srbench/phys_osc/PO25/valid.csv,sim-datasets-data/llm-srbench/phys_osc/PO25/id_test.csv,sim-datasets-data/llm-srbench/phys_osc/PO25/ood_test.csv,sim-datasets-data/llm-srbench/phys_osc/PO25/metadata.yaml,yes
llmsr,iaaccn27,216,50,llm-srbench,phys_osc,PO26,sim-datasets-data/llm-srbench/phys_osc/PO26,sim-datasets-data/llm-srbench/phys_osc/PO26/train.csv,sim-datasets-data/llm-srbench/phys_osc/PO26/valid.csv,sim-datasets-data/llm-srbench/phys_osc/PO26/id_test.csv,sim-datasets-data/llm-srbench/phys_osc/PO26/ood_test.csv,sim-datasets-data/llm-srbench/phys_osc/PO26/metadata.yaml,yes
llmsr,iaaccn27,217,51,llm-srbench,phys_osc,PO27,sim-datasets-data/llm-srbench/phys_osc/PO27,sim-datasets-data/llm-srbench/phys_osc/PO27/train.csv,sim-datasets-data/llm-srbench/phys_osc/PO27/valid.csv,sim-datasets-data/llm-srbench/phys_osc/PO27/id_test.csv,sim-datasets-data/llm-srbench/phys_osc/PO27/ood_test.csv,sim-datasets-data/llm-srbench/phys_osc/PO27/metadata.yaml,yes
llmsr,iaaccn27,218,52,llm-srbench,phys_osc,PO28,sim-datasets-data/llm-srbench/phys_osc/PO28,sim-datasets-data/llm-srbench/phys_osc/PO28/train.csv,sim-datasets-data/llm-srbench/phys_osc/PO28/valid.csv,sim-datasets-data/llm-srbench/phys_osc/PO28/id_test.csv,sim-datasets-data/llm-srbench/phys_osc/PO28/ood_test.csv,sim-datasets-data/llm-srbench/phys_osc/PO28/metadata.yaml,yes
llmsr,iaaccn27,219,53,llm-srbench,phys_osc,PO29,sim-datasets-data/llm-srbench/phys_osc/PO29,sim-datasets-data/llm-srbench/phys_osc/PO29/train.csv,sim-datasets-data/llm-srbench/phys_osc/PO29/valid.csv,sim-datasets-data/llm-srbench/phys_osc/PO29/id_test.csv,sim-datasets-data/llm-srbench/phys_osc/PO29/ood_test.csv,sim-datasets-data/llm-srbench/phys_osc/PO29/metadata.yaml,yes
llmsr,iaaccn27,220,54,llm-srbench,phys_osc,PO3,sim-datasets-data/llm-srbench/phys_osc/PO3,sim-datasets-data/llm-srbench/phys_osc/PO3/train.csv,sim-datasets-data/llm-srbench/phys_osc/PO3/valid.csv,sim-datasets-data/llm-srbench/phys_osc/PO3/id_test.csv,sim-datasets-data/llm-srbench/phys_osc/PO3/ood_test.csv,sim-datasets-data/llm-srbench/phys_osc/PO3/metadata.yaml,yes
llmsr,iaaccn27,221,55,llm-srbench,phys_osc,PO30,sim-datasets-data/llm-srbench/phys_osc/PO30,sim-datasets-data/llm-srbench/phys_osc/PO30/train.csv,sim-datasets-data/llm-srbench/phys_osc/PO30/valid.csv,sim-datasets-data/llm-srbench/phys_osc/PO30/id_test.csv,sim-datasets-data/llm-srbench/phys_osc/PO30/ood_test.csv,sim-datasets-data/llm-srbench/phys_osc/PO30/metadata.yaml,yes
llmsr,iaaccn27,222,56,llm-srbench,phys_osc,PO31,sim-datasets-data/llm-srbench/phys_osc/PO31,sim-datasets-data/llm-srbench/phys_osc/PO31/train.csv,sim-datasets-data/llm-srbench/phys_osc/PO31/valid.csv,sim-datasets-data/llm-srbench/phys_osc/PO31/id_test.csv,sim-datasets-data/llm-srbench/phys_osc/PO31/ood_test.csv,sim-datasets-data/llm-srbench/phys_osc/PO31/metadata.yaml,yes
llmsr,iaaccn27,223,57,llm-srbench,phys_osc,PO32,sim-datasets-data/llm-srbench/phys_osc/PO32,sim-datasets-data/llm-srbench/phys_osc/PO32/train.csv,sim-datasets-data/llm-srbench/phys_osc/PO32/valid.csv,sim-datasets-data/llm-srbench/phys_osc/PO32/id_test.csv,sim-datasets-data/llm-srbench/phys_osc/PO32/ood_test.csv,sim-datasets-data/llm-srbench/phys_osc/PO32/metadata.yaml,yes
llmsr,iaaccn27,224,58,llm-srbench,phys_osc,PO33,sim-datasets-data/llm-srbench/phys_osc/PO33,sim-datasets-data/llm-srbench/phys_osc/PO33/train.csv,sim-datasets-data/llm-srbench/phys_osc/PO33/valid.csv,sim-datasets-data/llm-srbench/phys_osc/PO33/id_test.csv,sim-datasets-data/llm-srbench/phys_osc/PO33/ood_test.csv,sim-datasets-data/llm-srbench/phys_osc/PO33/metadata.yaml,yes
llmsr,iaaccn27,225,59,llm-srbench,phys_osc,PO34,sim-datasets-data/llm-srbench/phys_osc/PO34,sim-datasets-data/llm-srbench/phys_osc/PO34/train.csv,sim-datasets-data/llm-srbench/phys_osc/PO34/valid.csv,sim-datasets-data/llm-srbench/phys_osc/PO34/id_test.csv,sim-datasets-data/llm-srbench/phys_osc/PO34/ood_test.csv,sim-datasets-data/llm-srbench/phys_osc/PO34/metadata.yaml,yes
llmsr,iaaccn27,226,60,llm-srbench,phys_osc,PO35,sim-datasets-data/llm-srbench/phys_osc/PO35,sim-datasets-data/llm-srbench/phys_osc/PO35/train.csv,sim-datasets-data/llm-srbench/phys_osc/PO35/valid.csv,sim-datasets-data/llm-srbench/phys_osc/PO35/id_test.csv,sim-datasets-data/llm-srbench/phys_osc/PO35/ood_test.csv,sim-datasets-data/llm-srbench/phys_osc/PO35/metadata.yaml,yes
llmsr,iaaccn27,227,61,llm-srbench,phys_osc,PO36,sim-datasets-data/llm-srbench/phys_osc/PO36,sim-datasets-data/llm-srbench/phys_osc/PO36/train.csv,sim-datasets-data/llm-srbench/phys_osc/PO36/valid.csv,sim-datasets-data/llm-srbench/phys_osc/PO36/id_test.csv,sim-datasets-data/llm-srbench/phys_osc/PO36/ood_test.csv,sim-datasets-data/llm-srbench/phys_osc/PO36/metadata.yaml,yes
llmsr,iaaccn27,228,62,llm-srbench,phys_osc,PO37,sim-datasets-data/llm-srbench/phys_osc/PO37,sim-datasets-data/llm-srbench/phys_osc/PO37/train.csv,sim-datasets-data/llm-srbench/phys_osc/PO37/valid.csv,sim-datasets-data/llm-srbench/phys_osc/PO37/id_test.csv,sim-datasets-data/llm-srbench/phys_osc/PO37/ood_test.csv,sim-datasets-data/llm-srbench/phys_osc/PO37/metadata.yaml,yes
llmsr,iaaccn27,229,63,llm-srbench,phys_osc,PO38,sim-datasets-data/llm-srbench/phys_osc/PO38,sim-datasets-data/llm-srbench/phys_osc/PO38/train.csv,sim-datasets-data/llm-srbench/phys_osc/PO38/valid.csv,sim-datasets-data/llm-srbench/phys_osc/PO38/id_test.csv,sim-datasets-data/llm-srbench/phys_osc/PO38/ood_test.csv,sim-datasets-data/llm-srbench/phys_osc/PO38/metadata.yaml,yes
llmsr,iaaccn27,230,64,llm-srbench,phys_osc,PO39,sim-datasets-data/llm-srbench/phys_osc/PO39,sim-datasets-data/llm-srbench/phys_osc/PO39/train.csv,sim-datasets-data/llm-srbench/phys_osc/PO39/valid.csv,sim-datasets-data/llm-srbench/phys_osc/PO39/id_test.csv,sim-datasets-data/llm-srbench/phys_osc/PO39/ood_test.csv,sim-datasets-data/llm-srbench/phys_osc/PO39/metadata.yaml,yes
llmsr,iaaccn27,231,65,llm-srbench,phys_osc,PO4,sim-datasets-data/llm-srbench/phys_osc/PO4,sim-datasets-data/llm-srbench/phys_osc/PO4/train.csv,sim-datasets-data/llm-srbench/phys_osc/PO4/valid.csv,sim-datasets-data/llm-srbench/phys_osc/PO4/id_test.csv,sim-datasets-data/llm-srbench/phys_osc/PO4/ood_test.csv,sim-datasets-data/llm-srbench/phys_osc/PO4/metadata.yaml,yes
llmsr,iaaccn27,232,66,llm-srbench,phys_osc,PO40,sim-datasets-data/llm-srbench/phys_osc/PO40,sim-datasets-data/llm-srbench/phys_osc/PO40/train.csv,sim-datasets-data/llm-srbench/phys_osc/PO40/valid.csv,sim-datasets-data/llm-srbench/phys_osc/PO40/id_test.csv,sim-datasets-data/llm-srbench/phys_osc/PO40/ood_test.csv,sim-datasets-data/llm-srbench/phys_osc/PO40/metadata.yaml,yes
llmsr,iaaccn27,233,67,llm-srbench,phys_osc,PO41,sim-datasets-data/llm-srbench/phys_osc/PO41,sim-datasets-data/llm-srbench/phys_osc/PO41/train.csv,sim-datasets-data/llm-srbench/phys_osc/PO41/valid.csv,sim-datasets-data/llm-srbench/phys_osc/PO41/id_test.csv,sim-datasets-data/llm-srbench/phys_osc/PO41/ood_test.csv,sim-datasets-data/llm-srbench/phys_osc/PO41/metadata.yaml,yes
llmsr,iaaccn27,234,68,llm-srbench,phys_osc,PO42,sim-datasets-data/llm-srbench/phys_osc/PO42,sim-datasets-data/llm-srbench/phys_osc/PO42/train.csv,sim-datasets-data/llm-srbench/phys_osc/PO42/valid.csv,sim-datasets-data/llm-srbench/phys_osc/PO42/id_test.csv,sim-datasets-data/llm-srbench/phys_osc/PO42/ood_test.csv,sim-datasets-data/llm-srbench/phys_osc/PO42/metadata.yaml,yes
llmsr,iaaccn27,235,69,llm-srbench,phys_osc,PO43,sim-datasets-data/llm-srbench/phys_osc/PO43,sim-datasets-data/llm-srbench/phys_osc/PO43/train.csv,sim-datasets-data/llm-srbench/phys_osc/PO43/valid.csv,sim-datasets-data/llm-srbench/phys_osc/PO43/id_test.csv,sim-datasets-data/llm-srbench/phys_osc/PO43/ood_test.csv,sim-datasets-data/llm-srbench/phys_osc/PO43/metadata.yaml,yes
llmsr,iaaccn27,236,70,llm-srbench,phys_osc,PO5,sim-datasets-data/llm-srbench/phys_osc/PO5,sim-datasets-data/llm-srbench/phys_osc/PO5/train.csv,sim-datasets-data/llm-srbench/phys_osc/PO5/valid.csv,sim-datasets-data/llm-srbench/phys_osc/PO5/id_test.csv,sim-datasets-data/llm-srbench/phys_osc/PO5/ood_test.csv,sim-datasets-data/llm-srbench/phys_osc/PO5/metadata.yaml,yes
llmsr,iaaccn27,237,71,llm-srbench,phys_osc,PO6,sim-datasets-data/llm-srbench/phys_osc/PO6,sim-datasets-data/llm-srbench/phys_osc/PO6/train.csv,sim-datasets-data/llm-srbench/phys_osc/PO6/valid.csv,sim-datasets-data/llm-srbench/phys_osc/PO6/id_test.csv,sim-datasets-data/llm-srbench/phys_osc/PO6/ood_test.csv,sim-datasets-data/llm-srbench/phys_osc/PO6/metadata.yaml,yes
llmsr,iaaccn27,238,72,llm-srbench,phys_osc,PO7,sim-datasets-data/llm-srbench/phys_osc/PO7,sim-datasets-data/llm-srbench/phys_osc/PO7/train.csv,sim-datasets-data/llm-srbench/phys_osc/PO7/valid.csv,sim-datasets-data/llm-srbench/phys_osc/PO7/id_test.csv,sim-datasets-data/llm-srbench/phys_osc/PO7/ood_test.csv,sim-datasets-data/llm-srbench/phys_osc/PO7/metadata.yaml,yes
llmsr,iaaccn27,239,73,llm-srbench,phys_osc,PO8,sim-datasets-data/llm-srbench/phys_osc/PO8,sim-datasets-data/llm-srbench/phys_osc/PO8/train.csv,sim-datasets-data/llm-srbench/phys_osc/PO8/valid.csv,sim-datasets-data/llm-srbench/phys_osc/PO8/id_test.csv,sim-datasets-data/llm-srbench/phys_osc/PO8/ood_test.csv,sim-datasets-data/llm-srbench/phys_osc/PO8/metadata.yaml,yes
llmsr,iaaccn27,240,74,llm-srbench,phys_osc,PO9,sim-datasets-data/llm-srbench/phys_osc/PO9,sim-datasets-data/llm-srbench/phys_osc/PO9/train.csv,sim-datasets-data/llm-srbench/phys_osc/PO9/valid.csv,sim-datasets-data/llm-srbench/phys_osc/PO9/id_test.csv,sim-datasets-data/llm-srbench/phys_osc/PO9/ood_test.csv,sim-datasets-data/llm-srbench/phys_osc/PO9/metadata.yaml,yes
llmsr,iaaccn27,241,75,srsd,srsd-feynman_easy,feynman-i.12.1,sim-datasets-data/srsd/srsd-feynman_easy/feynman-i.12.1,sim-datasets-data/srsd/srsd-feynman_easy/feynman-i.12.1/train.csv,sim-datasets-data/srsd/srsd-feynman_easy/feynman-i.12.1/valid.csv,sim-datasets-data/srsd/srsd-feynman_easy/feynman-i.12.1/id_test.csv,sim-datasets-data/srsd/srsd-feynman_easy/feynman-i.12.1/ood_test.csv,sim-datasets-data/srsd/srsd-feynman_easy/feynman-i.12.1/metadata.yaml,yes
llmsr,iaaccn27,242,76,srsd,srsd-feynman_easy,feynman-i.12.4,sim-datasets-data/srsd/srsd-feynman_easy/feynman-i.12.4,sim-datasets-data/srsd/srsd-feynman_easy/feynman-i.12.4/train.csv,sim-datasets-data/srsd/srsd-feynman_easy/feynman-i.12.4/valid.csv,sim-datasets-data/srsd/srsd-feynman_easy/feynman-i.12.4/id_test.csv,sim-datasets-data/srsd/srsd-feynman_easy/feynman-i.12.4/ood_test.csv,sim-datasets-data/srsd/srsd-feynman_easy/feynman-i.12.4/metadata.yaml,yes
llmsr,iaaccn27,243,77,srsd,srsd-feynman_easy,feynman-i.12.5,sim-datasets-data/srsd/srsd-feynman_easy/feynman-i.12.5,sim-datasets-data/srsd/srsd-feynman_easy/feynman-i.12.5/train.csv,sim-datasets-data/srsd/srsd-feynman_easy/feynman-i.12.5/valid.csv,sim-datasets-data/srsd/srsd-feynman_easy/feynman-i.12.5/id_test.csv,sim-datasets-data/srsd/srsd-feynman_easy/feynman-i.12.5/ood_test.csv,sim-datasets-data/srsd/srsd-feynman_easy/feynman-i.12.5/metadata.yaml,yes
llmsr,iaaccn27,244,78,srsd,srsd-feynman_easy,feynman-i.14.3,sim-datasets-data/srsd/srsd-feynman_easy/feynman-i.14.3,sim-datasets-data/srsd/srsd-feynman_easy/feynman-i.14.3/train.csv,sim-datasets-data/srsd/srsd-feynman_easy/feynman-i.14.3/valid.csv,sim-datasets-data/srsd/srsd-feynman_easy/feynman-i.14.3/id_test.csv,sim-datasets-data/srsd/srsd-feynman_easy/feynman-i.14.3/ood_test.csv,sim-datasets-data/srsd/srsd-feynman_easy/feynman-i.14.3/metadata.yaml,yes
llmsr,iaaccn27,245,79,srsd,srsd-feynman_easy,feynman-i.14.4,sim-datasets-data/srsd/srsd-feynman_easy/feynman-i.14.4,sim-datasets-data/srsd/srsd-feynman_easy/feynman-i.14.4/train.csv,sim-datasets-data/srsd/srsd-feynman_easy/feynman-i.14.4/valid.csv,sim-datasets-data/srsd/srsd-feynman_easy/feynman-i.14.4/id_test.csv,sim-datasets-data/srsd/srsd-feynman_easy/feynman-i.14.4/ood_test.csv,sim-datasets-data/srsd/srsd-feynman_easy/feynman-i.14.4/metadata.yaml,yes
llmsr,iaaccn27,246,80,srsd,srsd-feynman_easy,feynman-i.18.12,sim-datasets-data/srsd/srsd-feynman_easy/feynman-i.18.12,sim-datasets-data/srsd/srsd-feynman_easy/feynman-i.18.12/train.csv,sim-datasets-data/srsd/srsd-feynman_easy/feynman-i.18.12/valid.csv,sim-datasets-data/srsd/srsd-feynman_easy/feynman-i.18.12/id_test.csv,sim-datasets-data/srsd/srsd-feynman_easy/feynman-i.18.12/ood_test.csv,sim-datasets-data/srsd/srsd-feynman_easy/feynman-i.18.12/metadata.yaml,yes
llmsr,iaaccn27,247,81,srsd,srsd-feynman_easy,feynman-i.18.16,sim-datasets-data/srsd/srsd-feynman_easy/feynman-i.18.16,sim-datasets-data/srsd/srsd-feynman_easy/feynman-i.18.16/train.csv,sim-datasets-data/srsd/srsd-feynman_easy/feynman-i.18.16/valid.csv,sim-datasets-data/srsd/srsd-feynman_easy/feynman-i.18.16/id_test.csv,sim-datasets-data/srsd/srsd-feynman_easy/feynman-i.18.16/ood_test.csv,sim-datasets-data/srsd/srsd-feynman_easy/feynman-i.18.16/metadata.yaml,yes
llmsr,iaaccn27,248,82,srsd,srsd-feynman_easy,feynman-i.25.13,sim-datasets-data/srsd/srsd-feynman_easy/feynman-i.25.13,sim-datasets-data/srsd/srsd-feynman_easy/feynman-i.25.13/train.csv,sim-datasets-data/srsd/srsd-feynman_easy/feynman-i.25.13/valid.csv,sim-datasets-data/srsd/srsd-feynman_easy/feynman-i.25.13/id_test.csv,sim-datasets-data/srsd/srsd-feynman_easy/feynman-i.25.13/ood_test.csv,sim-datasets-data/srsd/srsd-feynman_easy/feynman-i.25.13/metadata.yaml,yes
llmsr,iaaccn27,249,83,srsd,srsd-feynman_easy,feynman-i.26.2,sim-datasets-data/srsd/srsd-feynman_easy/feynman-i.26.2,sim-datasets-data/srsd/srsd-feynman_easy/feynman-i.26.2/train.csv,sim-datasets-data/srsd/srsd-feynman_easy/feynman-i.26.2/valid.csv,sim-datasets-data/srsd/srsd-feynman_easy/feynman-i.26.2/id_test.csv,sim-datasets-data/srsd/srsd-feynman_easy/feynman-i.26.2/ood_test.csv,sim-datasets-data/srsd/srsd-feynman_easy/feynman-i.26.2/metadata.yaml,yes
llmsr,iaaccn27,250,84,srsd,srsd-feynman_easy,feynman-i.27.6,sim-datasets-data/srsd/srsd-feynman_easy/feynman-i.27.6,sim-datasets-data/srsd/srsd-feynman_easy/feynman-i.27.6/train.csv,sim-datasets-data/srsd/srsd-feynman_easy/feynman-i.27.6/valid.csv,sim-datasets-data/srsd/srsd-feynman_easy/feynman-i.27.6/id_test.csv,sim-datasets-data/srsd/srsd-feynman_easy/feynman-i.27.6/ood_test.csv,sim-datasets-data/srsd/srsd-feynman_easy/feynman-i.27.6/metadata.yaml,yes
llmsr,iaaccn27,251,85,srsd,srsd-feynman_easy,feynman-i.30.5,sim-datasets-data/srsd/srsd-feynman_easy/feynman-i.30.5,sim-datasets-data/srsd/srsd-feynman_easy/feynman-i.30.5/train.csv,sim-datasets-data/srsd/srsd-feynman_easy/feynman-i.30.5/valid.csv,sim-datasets-data/srsd/srsd-feynman_easy/feynman-i.30.5/id_test.csv,sim-datasets-data/srsd/srsd-feynman_easy/feynman-i.30.5/ood_test.csv,sim-datasets-data/srsd/srsd-feynman_easy/feynman-i.30.5/metadata.yaml,yes
llmsr,iaaccn27,252,86,srsd,srsd-feynman_easy,feynman-i.43.16,sim-datasets-data/srsd/srsd-feynman_easy/feynman-i.43.16,sim-datasets-data/srsd/srsd-feynman_easy/feynman-i.43.16/train.csv,sim-datasets-data/srsd/srsd-feynman_easy/feynman-i.43.16/valid.csv,sim-datasets-data/srsd/srsd-feynman_easy/feynman-i.43.16/id_test.csv,sim-datasets-data/srsd/srsd-feynman_easy/feynman-i.43.16/ood_test.csv,sim-datasets-data/srsd/srsd-feynman_easy/feynman-i.43.16/metadata.yaml,yes
llmsr,iaaccn27,253,87,srsd,srsd-feynman_easy,feynman-i.47.23,sim-datasets-data/srsd/srsd-feynman_easy/feynman-i.47.23,sim-datasets-data/srsd/srsd-feynman_easy/feynman-i.47.23/train.csv,sim-datasets-data/srsd/srsd-feynman_easy/feynman-i.47.23/valid.csv,sim-datasets-data/srsd/srsd-feynman_easy/feynman-i.47.23/id_test.csv,sim-datasets-data/srsd/srsd-feynman_easy/feynman-i.47.23/ood_test.csv,sim-datasets-data/srsd/srsd-feynman_easy/feynman-i.47.23/metadata.yaml,yes
llmsr,iaaccn27,254,88,srsd,srsd-feynman_easy,feynman-ii.10.9,sim-datasets-data/srsd/srsd-feynman_easy/feynman-ii.10.9,sim-datasets-data/srsd/srsd-feynman_easy/feynman-ii.10.9/train.csv,sim-datasets-data/srsd/srsd-feynman_easy/feynman-ii.10.9/valid.csv,sim-datasets-data/srsd/srsd-feynman_easy/feynman-ii.10.9/id_test.csv,sim-datasets-data/srsd/srsd-feynman_easy/feynman-ii.10.9/ood_test.csv,sim-datasets-data/srsd/srsd-feynman_easy/feynman-ii.10.9/metadata.yaml,yes
llmsr,iaaccn27,255,89,srsd,srsd-feynman_easy,feynman-ii.13.17,sim-datasets-data/srsd/srsd-feynman_easy/feynman-ii.13.17,sim-datasets-data/srsd/srsd-feynman_easy/feynman-ii.13.17/train.csv,sim-datasets-data/srsd/srsd-feynman_easy/feynman-ii.13.17/valid.csv,sim-datasets-data/srsd/srsd-feynman_easy/feynman-ii.13.17/id_test.csv,sim-datasets-data/srsd/srsd-feynman_easy/feynman-ii.13.17/ood_test.csv,sim-datasets-data/srsd/srsd-feynman_easy/feynman-ii.13.17/metadata.yaml,yes
llmsr,iaaccn27,256,90,srsd,srsd-feynman_easy,feynman-ii.15.4,sim-datasets-data/srsd/srsd-feynman_easy/feynman-ii.15.4,sim-datasets-data/srsd/srsd-feynman_easy/feynman-ii.15.4/train.csv,sim-datasets-data/srsd/srsd-feynman_easy/feynman-ii.15.4/valid.csv,sim-datasets-data/srsd/srsd-feynman_easy/feynman-ii.15.4/id_test.csv,sim-datasets-data/srsd/srsd-feynman_easy/feynman-ii.15.4/ood_test.csv,sim-datasets-data/srsd/srsd-feynman_easy/feynman-ii.15.4/metadata.yaml,yes
llmsr,iaaccn27,257,91,srsd,srsd-feynman_easy,feynman-ii.15.5,sim-datasets-data/srsd/srsd-feynman_easy/feynman-ii.15.5,sim-datasets-data/srsd/srsd-feynman_easy/feynman-ii.15.5/train.csv,sim-datasets-data/srsd/srsd-feynman_easy/feynman-ii.15.5/valid.csv,sim-datasets-data/srsd/srsd-feynman_easy/feynman-ii.15.5/id_test.csv,sim-datasets-data/srsd/srsd-feynman_easy/feynman-ii.15.5/ood_test.csv,sim-datasets-data/srsd/srsd-feynman_easy/feynman-ii.15.5/metadata.yaml,yes
llmsr,iaaccn27,258,92,srsd,srsd-feynman_easy,feynman-ii.2.42,sim-datasets-data/srsd/srsd-feynman_easy/feynman-ii.2.42,sim-datasets-data/srsd/srsd-feynman_easy/feynman-ii.2.42/train.csv,sim-datasets-data/srsd/srsd-feynman_easy/feynman-ii.2.42/valid.csv,sim-datasets-data/srsd/srsd-feynman_easy/feynman-ii.2.42/id_test.csv,sim-datasets-data/srsd/srsd-feynman_easy/feynman-ii.2.42/ood_test.csv,sim-datasets-data/srsd/srsd-feynman_easy/feynman-ii.2.42/metadata.yaml,yes
llmsr,iaaccn27,259,93,srsd,srsd-feynman_easy,feynman-ii.27.16,sim-datasets-data/srsd/srsd-feynman_easy/feynman-ii.27.16,sim-datasets-data/srsd/srsd-feynman_easy/feynman-ii.27.16/train.csv,sim-datasets-data/srsd/srsd-feynman_easy/feynman-ii.27.16/valid.csv,sim-datasets-data/srsd/srsd-feynman_easy/feynman-ii.27.16/id_test.csv,sim-datasets-data/srsd/srsd-feynman_easy/feynman-ii.27.16/ood_test.csv,sim-datasets-data/srsd/srsd-feynman_easy/feynman-ii.27.16/metadata.yaml,yes
llmsr,iaaccn27,260,94,srsd,srsd-feynman_easy,feynman-ii.27.18,sim-datasets-data/srsd/srsd-feynman_easy/feynman-ii.27.18,sim-datasets-data/srsd/srsd-feynman_easy/feynman-ii.27.18/train.csv,sim-datasets-data/srsd/srsd-feynman_easy/feynman-ii.27.18/valid.csv,sim-datasets-data/srsd/srsd-feynman_easy/feynman-ii.27.18/id_test.csv,sim-datasets-data/srsd/srsd-feynman_easy/feynman-ii.27.18/ood_test.csv,sim-datasets-data/srsd/srsd-feynman_easy/feynman-ii.27.18/metadata.yaml,yes
llmsr,iaaccn27,261,95,srsd,srsd-feynman_easy,feynman-ii.3.24,sim-datasets-data/srsd/srsd-feynman_easy/feynman-ii.3.24,sim-datasets-data/srsd/srsd-feynman_easy/feynman-ii.3.24/train.csv,sim-datasets-data/srsd/srsd-feynman_easy/feynman-ii.3.24/valid.csv,sim-datasets-data/srsd/srsd-feynman_easy/feynman-ii.3.24/id_test.csv,sim-datasets-data/srsd/srsd-feynman_easy/feynman-ii.3.24/ood_test.csv,sim-datasets-data/srsd/srsd-feynman_easy/feynman-ii.3.24/metadata.yaml,yes
llmsr,iaaccn27,262,96,srsd,srsd-feynman_easy,feynman-ii.34.11,sim-datasets-data/srsd/srsd-feynman_easy/feynman-ii.34.11,sim-datasets-data/srsd/srsd-feynman_easy/feynman-ii.34.11/train.csv,sim-datasets-data/srsd/srsd-feynman_easy/feynman-ii.34.11/valid.csv,sim-datasets-data/srsd/srsd-feynman_easy/feynman-ii.34.11/id_test.csv,sim-datasets-data/srsd/srsd-feynman_easy/feynman-ii.34.11/ood_test.csv,sim-datasets-data/srsd/srsd-feynman_easy/feynman-ii.34.11/metadata.yaml,yes
llmsr,iaaccn27,263,97,srsd,srsd-feynman_easy,feynman-ii.34.29b,sim-datasets-data/srsd/srsd-feynman_easy/feynman-ii.34.29b,sim-datasets-data/srsd/srsd-feynman_easy/feynman-ii.34.29b/train.csv,sim-datasets-data/srsd/srsd-feynman_easy/feynman-ii.34.29b/valid.csv,sim-datasets-data/srsd/srsd-feynman_easy/feynman-ii.34.29b/id_test.csv,sim-datasets-data/srsd/srsd-feynman_easy/feynman-ii.34.29b/ood_test.csv,sim-datasets-data/srsd/srsd-feynman_easy/feynman-ii.34.29b/metadata.yaml,yes
llmsr,iaaccn27,264,98,srsd,srsd-feynman_easy,feynman-ii.38.14,sim-datasets-data/srsd/srsd-feynman_easy/feynman-ii.38.14,sim-datasets-data/srsd/srsd-feynman_easy/feynman-ii.38.14/train.csv,sim-datasets-data/srsd/srsd-feynman_easy/feynman-ii.38.14/valid.csv,sim-datasets-data/srsd/srsd-feynman_easy/feynman-ii.38.14/id_test.csv,sim-datasets-data/srsd/srsd-feynman_easy/feynman-ii.38.14/ood_test.csv,sim-datasets-data/srsd/srsd-feynman_easy/feynman-ii.38.14/metadata.yaml,yes
llmsr,iaaccn27,265,99,srsd,srsd-feynman_easy,feynman-ii.38.3,sim-datasets-data/srsd/srsd-feynman_easy/feynman-ii.38.3,sim-datasets-data/srsd/srsd-feynman_easy/feynman-ii.38.3/train.csv,sim-datasets-data/srsd/srsd-feynman_easy/feynman-ii.38.3/valid.csv,sim-datasets-data/srsd/srsd-feynman_easy/feynman-ii.38.3/id_test.csv,sim-datasets-data/srsd/srsd-feynman_easy/feynman-ii.38.3/ood_test.csv,sim-datasets-data/srsd/srsd-feynman_easy/feynman-ii.38.3/metadata.yaml,yes
llmsr,iaaccn27,266,100,srsd,srsd-feynman_easy,feynman-ii.4.23,sim-datasets-data/srsd/srsd-feynman_easy/feynman-ii.4.23,sim-datasets-data/srsd/srsd-feynman_easy/feynman-ii.4.23/train.csv,sim-datasets-data/srsd/srsd-feynman_easy/feynman-ii.4.23/valid.csv,sim-datasets-data/srsd/srsd-feynman_easy/feynman-ii.4.23/id_test.csv,sim-datasets-data/srsd/srsd-feynman_easy/feynman-ii.4.23/ood_test.csv,sim-datasets-data/srsd/srsd-feynman_easy/feynman-ii.4.23/metadata.yaml,yes
llmsr,iaaccn27,267,101,srsd,srsd-feynman_easy,feynman-ii.8.31,sim-datasets-data/srsd/srsd-feynman_easy/feynman-ii.8.31,sim-datasets-data/srsd/srsd-feynman_easy/feynman-ii.8.31/train.csv,sim-datasets-data/srsd/srsd-feynman_easy/feynman-ii.8.31/valid.csv,sim-datasets-data/srsd/srsd-feynman_easy/feynman-ii.8.31/id_test.csv,sim-datasets-data/srsd/srsd-feynman_easy/feynman-ii.8.31/ood_test.csv,sim-datasets-data/srsd/srsd-feynman_easy/feynman-ii.8.31/metadata.yaml,yes
llmsr,iaaccn27,268,102,srsd,srsd-feynman_easy,feynman-iii.12.43,sim-datasets-data/srsd/srsd-feynman_easy/feynman-iii.12.43,sim-datasets-data/srsd/srsd-feynman_easy/feynman-iii.12.43/train.csv,sim-datasets-data/srsd/srsd-feynman_easy/feynman-iii.12.43/valid.csv,sim-datasets-data/srsd/srsd-feynman_easy/feynman-iii.12.43/id_test.csv,sim-datasets-data/srsd/srsd-feynman_easy/feynman-iii.12.43/ood_test.csv,sim-datasets-data/srsd/srsd-feynman_easy/feynman-iii.12.43/metadata.yaml,yes
llmsr,iaaccn27,269,103,srsd,srsd-feynman_easy,feynman-iii.15.27,sim-datasets-data/srsd/srsd-feynman_easy/feynman-iii.15.27,sim-datasets-data/srsd/srsd-feynman_easy/feynman-iii.15.27/train.csv,sim-datasets-data/srsd/srsd-feynman_easy/feynman-iii.15.27/valid.csv,sim-datasets-data/srsd/srsd-feynman_easy/feynman-iii.15.27/id_test.csv,sim-datasets-data/srsd/srsd-feynman_easy/feynman-iii.15.27/ood_test.csv,sim-datasets-data/srsd/srsd-feynman_easy/feynman-iii.15.27/metadata.yaml,yes
llmsr,iaaccn27,270,104,srsd,srsd-feynman_easy,feynman-iii.7.38,sim-datasets-data/srsd/srsd-feynman_easy/feynman-iii.7.38,sim-datasets-data/srsd/srsd-feynman_easy/feynman-iii.7.38/train.csv,sim-datasets-data/srsd/srsd-feynman_easy/feynman-iii.7.38/valid.csv,sim-datasets-data/srsd/srsd-feynman_easy/feynman-iii.7.38/id_test.csv,sim-datasets-data/srsd/srsd-feynman_easy/feynman-iii.7.38/ood_test.csv,sim-datasets-data/srsd/srsd-feynman_easy/feynman-iii.7.38/metadata.yaml,yes
llmsr,iaaccn27,271,105,srsd,srsd-feynman_easy_dummy,feynman-i.12.1,sim-datasets-data/srsd/srsd-feynman_easy_dummy/feynman-i.12.1,sim-datasets-data/srsd/srsd-feynman_easy_dummy/feynman-i.12.1/train.csv,sim-datasets-data/srsd/srsd-feynman_easy_dummy/feynman-i.12.1/valid.csv,sim-datasets-data/srsd/srsd-feynman_easy_dummy/feynman-i.12.1/id_test.csv,sim-datasets-data/srsd/srsd-feynman_easy_dummy/feynman-i.12.1/ood_test.csv,sim-datasets-data/srsd/srsd-feynman_easy_dummy/feynman-i.12.1/metadata.yaml,yes
llmsr,iaaccn27,272,106,srsd,srsd-feynman_easy_dummy,feynman-i.12.4,sim-datasets-data/srsd/srsd-feynman_easy_dummy/feynman-i.12.4,sim-datasets-data/srsd/srsd-feynman_easy_dummy/feynman-i.12.4/train.csv,sim-datasets-data/srsd/srsd-feynman_easy_dummy/feynman-i.12.4/valid.csv,sim-datasets-data/srsd/srsd-feynman_easy_dummy/feynman-i.12.4/id_test.csv,sim-datasets-data/srsd/srsd-feynman_easy_dummy/feynman-i.12.4/ood_test.csv,sim-datasets-data/srsd/srsd-feynman_easy_dummy/feynman-i.12.4/metadata.yaml,yes
llmsr,iaaccn27,273,107,srsd,srsd-feynman_easy_dummy,feynman-i.12.5,sim-datasets-data/srsd/srsd-feynman_easy_dummy/feynman-i.12.5,sim-datasets-data/srsd/srsd-feynman_easy_dummy/feynman-i.12.5/train.csv,sim-datasets-data/srsd/srsd-feynman_easy_dummy/feynman-i.12.5/valid.csv,sim-datasets-data/srsd/srsd-feynman_easy_dummy/feynman-i.12.5/id_test.csv,sim-datasets-data/srsd/srsd-feynman_easy_dummy/feynman-i.12.5/ood_test.csv,sim-datasets-data/srsd/srsd-feynman_easy_dummy/feynman-i.12.5/metadata.yaml,yes
llmsr,iaaccn27,274,108,srsd,srsd-feynman_easy_dummy,feynman-i.14.3,sim-datasets-data/srsd/srsd-feynman_easy_dummy/feynman-i.14.3,sim-datasets-data/srsd/srsd-feynman_easy_dummy/feynman-i.14.3/train.csv,sim-datasets-data/srsd/srsd-feynman_easy_dummy/feynman-i.14.3/valid.csv,sim-datasets-data/srsd/srsd-feynman_easy_dummy/feynman-i.14.3/id_test.csv,sim-datasets-data/srsd/srsd-feynman_easy_dummy/feynman-i.14.3/ood_test.csv,sim-datasets-data/srsd/srsd-feynman_easy_dummy/feynman-i.14.3/metadata.yaml,yes
llmsr,iaaccn27,275,109,srsd,srsd-feynman_easy_dummy,feynman-i.14.4,sim-datasets-data/srsd/srsd-feynman_easy_dummy/feynman-i.14.4,sim-datasets-data/srsd/srsd-feynman_easy_dummy/feynman-i.14.4/train.csv,sim-datasets-data/srsd/srsd-feynman_easy_dummy/feynman-i.14.4/valid.csv,sim-datasets-data/srsd/srsd-feynman_easy_dummy/feynman-i.14.4/id_test.csv,sim-datasets-data/srsd/srsd-feynman_easy_dummy/feynman-i.14.4/ood_test.csv,sim-datasets-data/srsd/srsd-feynman_easy_dummy/feynman-i.14.4/metadata.yaml,yes
llmsr,iaaccn27,276,110,srsd,srsd-feynman_easy_dummy,feynman-i.18.12,sim-datasets-data/srsd/srsd-feynman_easy_dummy/feynman-i.18.12,sim-datasets-data/srsd/srsd-feynman_easy_dummy/feynman-i.18.12/train.csv,sim-datasets-data/srsd/srsd-feynman_easy_dummy/feynman-i.18.12/valid.csv,sim-datasets-data/srsd/srsd-feynman_easy_dummy/feynman-i.18.12/id_test.csv,sim-datasets-data/srsd/srsd-feynman_easy_dummy/feynman-i.18.12/ood_test.csv,sim-datasets-data/srsd/srsd-feynman_easy_dummy/feynman-i.18.12/metadata.yaml,yes
llmsr,iaaccn27,277,111,srsd,srsd-feynman_easy_dummy,feynman-i.18.16,sim-datasets-data/srsd/srsd-feynman_easy_dummy/feynman-i.18.16,sim-datasets-data/srsd/srsd-feynman_easy_dummy/feynman-i.18.16/train.csv,sim-datasets-data/srsd/srsd-feynman_easy_dummy/feynman-i.18.16/valid.csv,sim-datasets-data/srsd/srsd-feynman_easy_dummy/feynman-i.18.16/id_test.csv,sim-datasets-data/srsd/srsd-feynman_easy_dummy/feynman-i.18.16/ood_test.csv,sim-datasets-data/srsd/srsd-feynman_easy_dummy/feynman-i.18.16/metadata.yaml,yes
llmsr,iaaccn27,278,112,srsd,srsd-feynman_easy_dummy,feynman-i.25.13,sim-datasets-data/srsd/srsd-feynman_easy_dummy/feynman-i.25.13,sim-datasets-data/srsd/srsd-feynman_easy_dummy/feynman-i.25.13/train.csv,sim-datasets-data/srsd/srsd-feynman_easy_dummy/feynman-i.25.13/valid.csv,sim-datasets-data/srsd/srsd-feynman_easy_dummy/feynman-i.25.13/id_test.csv,sim-datasets-data/srsd/srsd-feynman_easy_dummy/feynman-i.25.13/ood_test.csv,sim-datasets-data/srsd/srsd-feynman_easy_dummy/feynman-i.25.13/metadata.yaml,yes
llmsr,iaaccn27,279,113,srsd,srsd-feynman_easy_dummy,feynman-i.26.2,sim-datasets-data/srsd/srsd-feynman_easy_dummy/feynman-i.26.2,sim-datasets-data/srsd/srsd-feynman_easy_dummy/feynman-i.26.2/train.csv,sim-datasets-data/srsd/srsd-feynman_easy_dummy/feynman-i.26.2/valid.csv,sim-datasets-data/srsd/srsd-feynman_easy_dummy/feynman-i.26.2/id_test.csv,sim-datasets-data/srsd/srsd-feynman_easy_dummy/feynman-i.26.2/ood_test.csv,sim-datasets-data/srsd/srsd-feynman_easy_dummy/feynman-i.26.2/metadata.yaml,yes
llmsr,iaaccn27,280,114,srsd,srsd-feynman_easy_dummy,feynman-i.27.6,sim-datasets-data/srsd/srsd-feynman_easy_dummy/feynman-i.27.6,sim-datasets-data/srsd/srsd-feynman_easy_dummy/feynman-i.27.6/train.csv,sim-datasets-data/srsd/srsd-feynman_easy_dummy/feynman-i.27.6/valid.csv,sim-datasets-data/srsd/srsd-feynman_easy_dummy/feynman-i.27.6/id_test.csv,sim-datasets-data/srsd/srsd-feynman_easy_dummy/feynman-i.27.6/ood_test.csv,sim-datasets-data/srsd/srsd-feynman_easy_dummy/feynman-i.27.6/metadata.yaml,yes
llmsr,iaaccn27,281,115,srsd,srsd-feynman_easy_dummy,feynman-i.30.5,sim-datasets-data/srsd/srsd-feynman_easy_dummy/feynman-i.30.5,sim-datasets-data/srsd/srsd-feynman_easy_dummy/feynman-i.30.5/train.csv,sim-datasets-data/srsd/srsd-feynman_easy_dummy/feynman-i.30.5/valid.csv,sim-datasets-data/srsd/srsd-feynman_easy_dummy/feynman-i.30.5/id_test.csv,sim-datasets-data/srsd/srsd-feynman_easy_dummy/feynman-i.30.5/ood_test.csv,sim-datasets-data/srsd/srsd-feynman_easy_dummy/feynman-i.30.5/metadata.yaml,yes
llmsr,iaaccn27,282,116,srsd,srsd-feynman_easy_dummy,feynman-i.43.16,sim-datasets-data/srsd/srsd-feynman_easy_dummy/feynman-i.43.16,sim-datasets-data/srsd/srsd-feynman_easy_dummy/feynman-i.43.16/train.csv,sim-datasets-data/srsd/srsd-feynman_easy_dummy/feynman-i.43.16/valid.csv,sim-datasets-data/srsd/srsd-feynman_easy_dummy/feynman-i.43.16/id_test.csv,sim-datasets-data/srsd/srsd-feynman_easy_dummy/feynman-i.43.16/ood_test.csv,sim-datasets-data/srsd/srsd-feynman_easy_dummy/feynman-i.43.16/metadata.yaml,yes
llmsr,iaaccn27,283,117,srsd,srsd-feynman_easy_dummy,feynman-i.47.23,sim-datasets-data/srsd/srsd-feynman_easy_dummy/feynman-i.47.23,sim-datasets-data/srsd/srsd-feynman_easy_dummy/feynman-i.47.23/train.csv,sim-datasets-data/srsd/srsd-feynman_easy_dummy/feynman-i.47.23/valid.csv,sim-datasets-data/srsd/srsd-feynman_easy_dummy/feynman-i.47.23/id_test.csv,sim-datasets-data/srsd/srsd-feynman_easy_dummy/feynman-i.47.23/ood_test.csv,sim-datasets-data/srsd/srsd-feynman_easy_dummy/feynman-i.47.23/metadata.yaml,yes
llmsr,iaaccn27,284,118,srsd,srsd-feynman_easy_dummy,feynman-ii.10.9,sim-datasets-data/srsd/srsd-feynman_easy_dummy/feynman-ii.10.9,sim-datasets-data/srsd/srsd-feynman_easy_dummy/feynman-ii.10.9/train.csv,sim-datasets-data/srsd/srsd-feynman_easy_dummy/feynman-ii.10.9/valid.csv,sim-datasets-data/srsd/srsd-feynman_easy_dummy/feynman-ii.10.9/id_test.csv,sim-datasets-data/srsd/srsd-feynman_easy_dummy/feynman-ii.10.9/ood_test.csv,sim-datasets-data/srsd/srsd-feynman_easy_dummy/feynman-ii.10.9/metadata.yaml,yes
llmsr,iaaccn27,285,119,srsd,srsd-feynman_easy_dummy,feynman-ii.13.17,sim-datasets-data/srsd/srsd-feynman_easy_dummy/feynman-ii.13.17,sim-datasets-data/srsd/srsd-feynman_easy_dummy/feynman-ii.13.17/train.csv,sim-datasets-data/srsd/srsd-feynman_easy_dummy/feynman-ii.13.17/valid.csv,sim-datasets-data/srsd/srsd-feynman_easy_dummy/feynman-ii.13.17/id_test.csv,sim-datasets-data/srsd/srsd-feynman_easy_dummy/feynman-ii.13.17/ood_test.csv,sim-datasets-data/srsd/srsd-feynman_easy_dummy/feynman-ii.13.17/metadata.yaml,yes
llmsr,iaaccn27,286,120,srsd,srsd-feynman_easy_dummy,feynman-ii.15.4,sim-datasets-data/srsd/srsd-feynman_easy_dummy/feynman-ii.15.4,sim-datasets-data/srsd/srsd-feynman_easy_dummy/feynman-ii.15.4/train.csv,sim-datasets-data/srsd/srsd-feynman_easy_dummy/feynman-ii.15.4/valid.csv,sim-datasets-data/srsd/srsd-feynman_easy_dummy/feynman-ii.15.4/id_test.csv,sim-datasets-data/srsd/srsd-feynman_easy_dummy/feynman-ii.15.4/ood_test.csv,sim-datasets-data/srsd/srsd-feynman_easy_dummy/feynman-ii.15.4/metadata.yaml,yes
llmsr,iaaccn27,287,121,srsd,srsd-feynman_easy_dummy,feynman-ii.15.5,sim-datasets-data/srsd/srsd-feynman_easy_dummy/feynman-ii.15.5,sim-datasets-data/srsd/srsd-feynman_easy_dummy/feynman-ii.15.5/train.csv,sim-datasets-data/srsd/srsd-feynman_easy_dummy/feynman-ii.15.5/valid.csv,sim-datasets-data/srsd/srsd-feynman_easy_dummy/feynman-ii.15.5/id_test.csv,sim-datasets-data/srsd/srsd-feynman_easy_dummy/feynman-ii.15.5/ood_test.csv,sim-datasets-data/srsd/srsd-feynman_easy_dummy/feynman-ii.15.5/metadata.yaml,yes
llmsr,iaaccn27,288,122,srsd,srsd-feynman_easy_dummy,feynman-ii.2.42,sim-datasets-data/srsd/srsd-feynman_easy_dummy/feynman-ii.2.42,sim-datasets-data/srsd/srsd-feynman_easy_dummy/feynman-ii.2.42/train.csv,sim-datasets-data/srsd/srsd-feynman_easy_dummy/feynman-ii.2.42/valid.csv,sim-datasets-data/srsd/srsd-feynman_easy_dummy/feynman-ii.2.42/id_test.csv,sim-datasets-data/srsd/srsd-feynman_easy_dummy/feynman-ii.2.42/ood_test.csv,sim-datasets-data/srsd/srsd-feynman_easy_dummy/feynman-ii.2.42/metadata.yaml,yes
llmsr,iaaccn27,289,123,srsd,srsd-feynman_easy_dummy,feynman-ii.27.16,sim-datasets-data/srsd/srsd-feynman_easy_dummy/feynman-ii.27.16,sim-datasets-data/srsd/srsd-feynman_easy_dummy/feynman-ii.27.16/train.csv,sim-datasets-data/srsd/srsd-feynman_easy_dummy/feynman-ii.27.16/valid.csv,sim-datasets-data/srsd/srsd-feynman_easy_dummy/feynman-ii.27.16/id_test.csv,sim-datasets-data/srsd/srsd-feynman_easy_dummy/feynman-ii.27.16/ood_test.csv,sim-datasets-data/srsd/srsd-feynman_easy_dummy/feynman-ii.27.16/metadata.yaml,yes
llmsr,iaaccn27,290,124,srsd,srsd-feynman_easy_dummy,feynman-ii.27.18,sim-datasets-data/srsd/srsd-feynman_easy_dummy/feynman-ii.27.18,sim-datasets-data/srsd/srsd-feynman_easy_dummy/feynman-ii.27.18/train.csv,sim-datasets-data/srsd/srsd-feynman_easy_dummy/feynman-ii.27.18/valid.csv,sim-datasets-data/srsd/srsd-feynman_easy_dummy/feynman-ii.27.18/id_test.csv,sim-datasets-data/srsd/srsd-feynman_easy_dummy/feynman-ii.27.18/ood_test.csv,sim-datasets-data/srsd/srsd-feynman_easy_dummy/feynman-ii.27.18/metadata.yaml,yes
llmsr,iaaccn27,291,125,srsd,srsd-feynman_easy_dummy,feynman-ii.3.24,sim-datasets-data/srsd/srsd-feynman_easy_dummy/feynman-ii.3.24,sim-datasets-data/srsd/srsd-feynman_easy_dummy/feynman-ii.3.24/train.csv,sim-datasets-data/srsd/srsd-feynman_easy_dummy/feynman-ii.3.24/valid.csv,sim-datasets-data/srsd/srsd-feynman_easy_dummy/feynman-ii.3.24/id_test.csv,sim-datasets-data/srsd/srsd-feynman_easy_dummy/feynman-ii.3.24/ood_test.csv,sim-datasets-data/srsd/srsd-feynman_easy_dummy/feynman-ii.3.24/metadata.yaml,yes
llmsr,iaaccn27,292,126,srsd,srsd-feynman_easy_dummy,feynman-ii.34.11,sim-datasets-data/srsd/srsd-feynman_easy_dummy/feynman-ii.34.11,sim-datasets-data/srsd/srsd-feynman_easy_dummy/feynman-ii.34.11/train.csv,sim-datasets-data/srsd/srsd-feynman_easy_dummy/feynman-ii.34.11/valid.csv,sim-datasets-data/srsd/srsd-feynman_easy_dummy/feynman-ii.34.11/id_test.csv,sim-datasets-data/srsd/srsd-feynman_easy_dummy/feynman-ii.34.11/ood_test.csv,sim-datasets-data/srsd/srsd-feynman_easy_dummy/feynman-ii.34.11/metadata.yaml,yes
llmsr,iaaccn27,293,127,srsd,srsd-feynman_easy_dummy,feynman-ii.34.29b,sim-datasets-data/srsd/srsd-feynman_easy_dummy/feynman-ii.34.29b,sim-datasets-data/srsd/srsd-feynman_easy_dummy/feynman-ii.34.29b/train.csv,sim-datasets-data/srsd/srsd-feynman_easy_dummy/feynman-ii.34.29b/valid.csv,sim-datasets-data/srsd/srsd-feynman_easy_dummy/feynman-ii.34.29b/id_test.csv,sim-datasets-data/srsd/srsd-feynman_easy_dummy/feynman-ii.34.29b/ood_test.csv,sim-datasets-data/srsd/srsd-feynman_easy_dummy/feynman-ii.34.29b/metadata.yaml,yes
llmsr,iaaccn27,294,128,srsd,srsd-feynman_easy_dummy,feynman-ii.38.14,sim-datasets-data/srsd/srsd-feynman_easy_dummy/feynman-ii.38.14,sim-datasets-data/srsd/srsd-feynman_easy_dummy/feynman-ii.38.14/train.csv,sim-datasets-data/srsd/srsd-feynman_easy_dummy/feynman-ii.38.14/valid.csv,sim-datasets-data/srsd/srsd-feynman_easy_dummy/feynman-ii.38.14/id_test.csv,sim-datasets-data/srsd/srsd-feynman_easy_dummy/feynman-ii.38.14/ood_test.csv,sim-datasets-data/srsd/srsd-feynman_easy_dummy/feynman-ii.38.14/metadata.yaml,yes
llmsr,iaaccn27,295,129,srsd,srsd-feynman_easy_dummy,feynman-ii.38.3,sim-datasets-data/srsd/srsd-feynman_easy_dummy/feynman-ii.38.3,sim-datasets-data/srsd/srsd-feynman_easy_dummy/feynman-ii.38.3/train.csv,sim-datasets-data/srsd/srsd-feynman_easy_dummy/feynman-ii.38.3/valid.csv,sim-datasets-data/srsd/srsd-feynman_easy_dummy/feynman-ii.38.3/id_test.csv,sim-datasets-data/srsd/srsd-feynman_easy_dummy/feynman-ii.38.3/ood_test.csv,sim-datasets-data/srsd/srsd-feynman_easy_dummy/feynman-ii.38.3/metadata.yaml,yes
llmsr,iaaccn27,296,130,srsd,srsd-feynman_easy_dummy,feynman-ii.4.23,sim-datasets-data/srsd/srsd-feynman_easy_dummy/feynman-ii.4.23,sim-datasets-data/srsd/srsd-feynman_easy_dummy/feynman-ii.4.23/train.csv,sim-datasets-data/srsd/srsd-feynman_easy_dummy/feynman-ii.4.23/valid.csv,sim-datasets-data/srsd/srsd-feynman_easy_dummy/feynman-ii.4.23/id_test.csv,sim-datasets-data/srsd/srsd-feynman_easy_dummy/feynman-ii.4.23/ood_test.csv,sim-datasets-data/srsd/srsd-feynman_easy_dummy/feynman-ii.4.23/metadata.yaml,yes
llmsr,iaaccn27,297,131,srsd,srsd-feynman_easy_dummy,feynman-ii.8.31,sim-datasets-data/srsd/srsd-feynman_easy_dummy/feynman-ii.8.31,sim-datasets-data/srsd/srsd-feynman_easy_dummy/feynman-ii.8.31/train.csv,sim-datasets-data/srsd/srsd-feynman_easy_dummy/feynman-ii.8.31/valid.csv,sim-datasets-data/srsd/srsd-feynman_easy_dummy/feynman-ii.8.31/id_test.csv,sim-datasets-data/srsd/srsd-feynman_easy_dummy/feynman-ii.8.31/ood_test.csv,sim-datasets-data/srsd/srsd-feynman_easy_dummy/feynman-ii.8.31/metadata.yaml,yes
llmsr,iaaccn27,298,132,srsd,srsd-feynman_easy_dummy,feynman-iii.12.43,sim-datasets-data/srsd/srsd-feynman_easy_dummy/feynman-iii.12.43,sim-datasets-data/srsd/srsd-feynman_easy_dummy/feynman-iii.12.43/train.csv,sim-datasets-data/srsd/srsd-feynman_easy_dummy/feynman-iii.12.43/valid.csv,sim-datasets-data/srsd/srsd-feynman_easy_dummy/feynman-iii.12.43/id_test.csv,sim-datasets-data/srsd/srsd-feynman_easy_dummy/feynman-iii.12.43/ood_test.csv,sim-datasets-data/srsd/srsd-feynman_easy_dummy/feynman-iii.12.43/metadata.yaml,yes
llmsr,iaaccn27,299,133,srsd,srsd-feynman_easy_dummy,feynman-iii.15.27,sim-datasets-data/srsd/srsd-feynman_easy_dummy/feynman-iii.15.27,sim-datasets-data/srsd/srsd-feynman_easy_dummy/feynman-iii.15.27/train.csv,sim-datasets-data/srsd/srsd-feynman_easy_dummy/feynman-iii.15.27/valid.csv,sim-datasets-data/srsd/srsd-feynman_easy_dummy/feynman-iii.15.27/id_test.csv,sim-datasets-data/srsd/srsd-feynman_easy_dummy/feynman-iii.15.27/ood_test.csv,sim-datasets-data/srsd/srsd-feynman_easy_dummy/feynman-iii.15.27/metadata.yaml,yes
llmsr,iaaccn27,300,134,srsd,srsd-feynman_easy_dummy,feynman-iii.7.38,sim-datasets-data/srsd/srsd-feynman_easy_dummy/feynman-iii.7.38,sim-datasets-data/srsd/srsd-feynman_easy_dummy/feynman-iii.7.38/train.csv,sim-datasets-data/srsd/srsd-feynman_easy_dummy/feynman-iii.7.38/valid.csv,sim-datasets-data/srsd/srsd-feynman_easy_dummy/feynman-iii.7.38/id_test.csv,sim-datasets-data/srsd/srsd-feynman_easy_dummy/feynman-iii.7.38/ood_test.csv,sim-datasets-data/srsd/srsd-feynman_easy_dummy/feynman-iii.7.38/metadata.yaml,yes
llmsr,iaaccn27,301,135,srsd,srsd-feynman_hard,feynman-bonus.1,sim-datasets-data/srsd/srsd-feynman_hard/feynman-bonus.1,sim-datasets-data/srsd/srsd-feynman_hard/feynman-bonus.1/train.csv,sim-datasets-data/srsd/srsd-feynman_hard/feynman-bonus.1/valid.csv,sim-datasets-data/srsd/srsd-feynman_hard/feynman-bonus.1/id_test.csv,sim-datasets-data/srsd/srsd-feynman_hard/feynman-bonus.1/ood_test.csv,sim-datasets-data/srsd/srsd-feynman_hard/feynman-bonus.1/metadata.yaml,yes
llmsr,iaaccn27,302,136,srsd,srsd-feynman_hard,feynman-bonus.10,sim-datasets-data/srsd/srsd-feynman_hard/feynman-bonus.10,sim-datasets-data/srsd/srsd-feynman_hard/feynman-bonus.10/train.csv,sim-datasets-data/srsd/srsd-feynman_hard/feynman-bonus.10/valid.csv,sim-datasets-data/srsd/srsd-feynman_hard/feynman-bonus.10/id_test.csv,sim-datasets-data/srsd/srsd-feynman_hard/feynman-bonus.10/ood_test.csv,sim-datasets-data/srsd/srsd-feynman_hard/feynman-bonus.10/metadata.yaml,yes
llmsr,iaaccn27,303,137,srsd,srsd-feynman_hard,feynman-bonus.11,sim-datasets-data/srsd/srsd-feynman_hard/feynman-bonus.11,sim-datasets-data/srsd/srsd-feynman_hard/feynman-bonus.11/train.csv,sim-datasets-data/srsd/srsd-feynman_hard/feynman-bonus.11/valid.csv,sim-datasets-data/srsd/srsd-feynman_hard/feynman-bonus.11/id_test.csv,sim-datasets-data/srsd/srsd-feynman_hard/feynman-bonus.11/ood_test.csv,sim-datasets-data/srsd/srsd-feynman_hard/feynman-bonus.11/metadata.yaml,yes
llmsr,iaaccn27,304,138,srsd,srsd-feynman_hard,feynman-bonus.12,sim-datasets-data/srsd/srsd-feynman_hard/feynman-bonus.12,sim-datasets-data/srsd/srsd-feynman_hard/feynman-bonus.12/train.csv,sim-datasets-data/srsd/srsd-feynman_hard/feynman-bonus.12/valid.csv,sim-datasets-data/srsd/srsd-feynman_hard/feynman-bonus.12/id_test.csv,sim-datasets-data/srsd/srsd-feynman_hard/feynman-bonus.12/ood_test.csv,sim-datasets-data/srsd/srsd-feynman_hard/feynman-bonus.12/metadata.yaml,yes
llmsr,iaaccn27,305,139,srsd,srsd-feynman_hard,feynman-bonus.14,sim-datasets-data/srsd/srsd-feynman_hard/feynman-bonus.14,sim-datasets-data/srsd/srsd-feynman_hard/feynman-bonus.14/train.csv,sim-datasets-data/srsd/srsd-feynman_hard/feynman-bonus.14/valid.csv,sim-datasets-data/srsd/srsd-feynman_hard/feynman-bonus.14/id_test.csv,sim-datasets-data/srsd/srsd-feynman_hard/feynman-bonus.14/ood_test.csv,sim-datasets-data/srsd/srsd-feynman_hard/feynman-bonus.14/metadata.yaml,yes
llmsr,iaaccn27,306,140,srsd,srsd-feynman_hard,feynman-bonus.15,sim-datasets-data/srsd/srsd-feynman_hard/feynman-bonus.15,sim-datasets-data/srsd/srsd-feynman_hard/feynman-bonus.15/train.csv,sim-datasets-data/srsd/srsd-feynman_hard/feynman-bonus.15/valid.csv,sim-datasets-data/srsd/srsd-feynman_hard/feynman-bonus.15/id_test.csv,sim-datasets-data/srsd/srsd-feynman_hard/feynman-bonus.15/ood_test.csv,sim-datasets-data/srsd/srsd-feynman_hard/feynman-bonus.15/metadata.yaml,yes
llmsr,iaaccn27,307,141,srsd,srsd-feynman_hard,feynman-bonus.16,sim-datasets-data/srsd/srsd-feynman_hard/feynman-bonus.16,sim-datasets-data/srsd/srsd-feynman_hard/feynman-bonus.16/train.csv,sim-datasets-data/srsd/srsd-feynman_hard/feynman-bonus.16/valid.csv,sim-datasets-data/srsd/srsd-feynman_hard/feynman-bonus.16/id_test.csv,sim-datasets-data/srsd/srsd-feynman_hard/feynman-bonus.16/ood_test.csv,sim-datasets-data/srsd/srsd-feynman_hard/feynman-bonus.16/metadata.yaml,yes
llmsr,iaaccn27,308,142,srsd,srsd-feynman_hard,feynman-bonus.17,sim-datasets-data/srsd/srsd-feynman_hard/feynman-bonus.17,sim-datasets-data/srsd/srsd-feynman_hard/feynman-bonus.17/train.csv,sim-datasets-data/srsd/srsd-feynman_hard/feynman-bonus.17/valid.csv,sim-datasets-data/srsd/srsd-feynman_hard/feynman-bonus.17/id_test.csv,sim-datasets-data/srsd/srsd-feynman_hard/feynman-bonus.17/ood_test.csv,sim-datasets-data/srsd/srsd-feynman_hard/feynman-bonus.17/metadata.yaml,yes
llmsr,iaaccn27,309,143,srsd,srsd-feynman_hard,feynman-bonus.19,sim-datasets-data/srsd/srsd-feynman_hard/feynman-bonus.19,sim-datasets-data/srsd/srsd-feynman_hard/feynman-bonus.19/train.csv,sim-datasets-data/srsd/srsd-feynman_hard/feynman-bonus.19/valid.csv,sim-datasets-data/srsd/srsd-feynman_hard/feynman-bonus.19/id_test.csv,sim-datasets-data/srsd/srsd-feynman_hard/feynman-bonus.19/ood_test.csv,sim-datasets-data/srsd/srsd-feynman_hard/feynman-bonus.19/metadata.yaml,yes
llmsr,iaaccn27,310,144,srsd,srsd-feynman_hard,feynman-bonus.2,sim-datasets-data/srsd/srsd-feynman_hard/feynman-bonus.2,sim-datasets-data/srsd/srsd-feynman_hard/feynman-bonus.2/train.csv,sim-datasets-data/srsd/srsd-feynman_hard/feynman-bonus.2/valid.csv,sim-datasets-data/srsd/srsd-feynman_hard/feynman-bonus.2/id_test.csv,sim-datasets-data/srsd/srsd-feynman_hard/feynman-bonus.2/ood_test.csv,sim-datasets-data/srsd/srsd-feynman_hard/feynman-bonus.2/metadata.yaml,yes
llmsr,iaaccn27,311,145,srsd,srsd-feynman_hard,feynman-bonus.20,sim-datasets-data/srsd/srsd-feynman_hard/feynman-bonus.20,sim-datasets-data/srsd/srsd-feynman_hard/feynman-bonus.20/train.csv,sim-datasets-data/srsd/srsd-feynman_hard/feynman-bonus.20/valid.csv,sim-datasets-data/srsd/srsd-feynman_hard/feynman-bonus.20/id_test.csv,sim-datasets-data/srsd/srsd-feynman_hard/feynman-bonus.20/ood_test.csv,sim-datasets-data/srsd/srsd-feynman_hard/feynman-bonus.20/metadata.yaml,yes
llmsr,iaaccn27,312,146,srsd,srsd-feynman_hard,feynman-bonus.3,sim-datasets-data/srsd/srsd-feynman_hard/feynman-bonus.3,sim-datasets-data/srsd/srsd-feynman_hard/feynman-bonus.3/train.csv,sim-datasets-data/srsd/srsd-feynman_hard/feynman-bonus.3/valid.csv,sim-datasets-data/srsd/srsd-feynman_hard/feynman-bonus.3/id_test.csv,sim-datasets-data/srsd/srsd-feynman_hard/feynman-bonus.3/ood_test.csv,sim-datasets-data/srsd/srsd-feynman_hard/feynman-bonus.3/metadata.yaml,yes
llmsr,iaaccn27,313,147,srsd,srsd-feynman_hard,feynman-bonus.4,sim-datasets-data/srsd/srsd-feynman_hard/feynman-bonus.4,sim-datasets-data/srsd/srsd-feynman_hard/feynman-bonus.4/train.csv,sim-datasets-data/srsd/srsd-feynman_hard/feynman-bonus.4/valid.csv,sim-datasets-data/srsd/srsd-feynman_hard/feynman-bonus.4/id_test.csv,sim-datasets-data/srsd/srsd-feynman_hard/feynman-bonus.4/ood_test.csv,sim-datasets-data/srsd/srsd-feynman_hard/feynman-bonus.4/metadata.yaml,yes
llmsr,iaaccn27,314,148,srsd,srsd-feynman_hard,feynman-bonus.5,sim-datasets-data/srsd/srsd-feynman_hard/feynman-bonus.5,sim-datasets-data/srsd/srsd-feynman_hard/feynman-bonus.5/train.csv,sim-datasets-data/srsd/srsd-feynman_hard/feynman-bonus.5/valid.csv,sim-datasets-data/srsd/srsd-feynman_hard/feynman-bonus.5/id_test.csv,sim-datasets-data/srsd/srsd-feynman_hard/feynman-bonus.5/ood_test.csv,sim-datasets-data/srsd/srsd-feynman_hard/feynman-bonus.5/metadata.yaml,yes
llmsr,iaaccn27,315,149,srsd,srsd-feynman_hard,feynman-bonus.6,sim-datasets-data/srsd/srsd-feynman_hard/feynman-bonus.6,sim-datasets-data/srsd/srsd-feynman_hard/feynman-bonus.6/train.csv,sim-datasets-data/srsd/srsd-feynman_hard/feynman-bonus.6/valid.csv,sim-datasets-data/srsd/srsd-feynman_hard/feynman-bonus.6/id_test.csv,sim-datasets-data/srsd/srsd-feynman_hard/feynman-bonus.6/ood_test.csv,sim-datasets-data/srsd/srsd-feynman_hard/feynman-bonus.6/metadata.yaml,yes
llmsr,iaaccn27,316,150,srsd,srsd-feynman_hard,feynman-bonus.7,sim-datasets-data/srsd/srsd-feynman_hard/feynman-bonus.7,sim-datasets-data/srsd/srsd-feynman_hard/feynman-bonus.7/train.csv,sim-datasets-data/srsd/srsd-feynman_hard/feynman-bonus.7/valid.csv,sim-datasets-data/srsd/srsd-feynman_hard/feynman-bonus.7/id_test.csv,sim-datasets-data/srsd/srsd-feynman_hard/feynman-bonus.7/ood_test.csv,sim-datasets-data/srsd/srsd-feynman_hard/feynman-bonus.7/metadata.yaml,yes
llmsr,iaaccn27,317,151,srsd,srsd-feynman_hard,feynman-bonus.9,sim-datasets-data/srsd/srsd-feynman_hard/feynman-bonus.9,sim-datasets-data/srsd/srsd-feynman_hard/feynman-bonus.9/train.csv,sim-datasets-data/srsd/srsd-feynman_hard/feynman-bonus.9/valid.csv,sim-datasets-data/srsd/srsd-feynman_hard/feynman-bonus.9/id_test.csv,sim-datasets-data/srsd/srsd-feynman_hard/feynman-bonus.9/ood_test.csv,sim-datasets-data/srsd/srsd-feynman_hard/feynman-bonus.9/metadata.yaml,yes
llmsr,iaaccn27,318,152,srsd,srsd-feynman_hard,feynman-i.15.3t,sim-datasets-data/srsd/srsd-feynman_hard/feynman-i.15.3t,sim-datasets-data/srsd/srsd-feynman_hard/feynman-i.15.3t/train.csv,sim-datasets-data/srsd/srsd-feynman_hard/feynman-i.15.3t/valid.csv,sim-datasets-data/srsd/srsd-feynman_hard/feynman-i.15.3t/id_test.csv,sim-datasets-data/srsd/srsd-feynman_hard/feynman-i.15.3t/ood_test.csv,sim-datasets-data/srsd/srsd-feynman_hard/feynman-i.15.3t/metadata.yaml,yes
llmsr,iaaccn27,319,153,srsd,srsd-feynman_hard,feynman-i.15.3x,sim-datasets-data/srsd/srsd-feynman_hard/feynman-i.15.3x,sim-datasets-data/srsd/srsd-feynman_hard/feynman-i.15.3x/train.csv,sim-datasets-data/srsd/srsd-feynman_hard/feynman-i.15.3x/valid.csv,sim-datasets-data/srsd/srsd-feynman_hard/feynman-i.15.3x/id_test.csv,sim-datasets-data/srsd/srsd-feynman_hard/feynman-i.15.3x/ood_test.csv,sim-datasets-data/srsd/srsd-feynman_hard/feynman-i.15.3x/metadata.yaml,yes
llmsr,iaaccn27,320,154,srsd,srsd-feynman_hard,feynman-i.29.16,sim-datasets-data/srsd/srsd-feynman_hard/feynman-i.29.16,sim-datasets-data/srsd/srsd-feynman_hard/feynman-i.29.16/train.csv,sim-datasets-data/srsd/srsd-feynman_hard/feynman-i.29.16/valid.csv,sim-datasets-data/srsd/srsd-feynman_hard/feynman-i.29.16/id_test.csv,sim-datasets-data/srsd/srsd-feynman_hard/feynman-i.29.16/ood_test.csv,sim-datasets-data/srsd/srsd-feynman_hard/feynman-i.29.16/metadata.yaml,yes
llmsr,iaaccn27,321,155,srsd,srsd-feynman_hard,feynman-i.30.3,sim-datasets-data/srsd/srsd-feynman_hard/feynman-i.30.3,sim-datasets-data/srsd/srsd-feynman_hard/feynman-i.30.3/train.csv,sim-datasets-data/srsd/srsd-feynman_hard/feynman-i.30.3/valid.csv,sim-datasets-data/srsd/srsd-feynman_hard/feynman-i.30.3/id_test.csv,sim-datasets-data/srsd/srsd-feynman_hard/feynman-i.30.3/ood_test.csv,sim-datasets-data/srsd/srsd-feynman_hard/feynman-i.30.3/metadata.yaml,yes
llmsr,iaaccn27,322,156,srsd,srsd-feynman_hard,feynman-i.32.17,sim-datasets-data/srsd/srsd-feynman_hard/feynman-i.32.17,sim-datasets-data/srsd/srsd-feynman_hard/feynman-i.32.17/train.csv,sim-datasets-data/srsd/srsd-feynman_hard/feynman-i.32.17/valid.csv,sim-datasets-data/srsd/srsd-feynman_hard/feynman-i.32.17/id_test.csv,sim-datasets-data/srsd/srsd-feynman_hard/feynman-i.32.17/ood_test.csv,sim-datasets-data/srsd/srsd-feynman_hard/feynman-i.32.17/metadata.yaml,yes
llmsr,iaaccn27,323,157,srsd,srsd-feynman_hard,feynman-i.37.4,sim-datasets-data/srsd/srsd-feynman_hard/feynman-i.37.4,sim-datasets-data/srsd/srsd-feynman_hard/feynman-i.37.4/train.csv,sim-datasets-data/srsd/srsd-feynman_hard/feynman-i.37.4/valid.csv,sim-datasets-data/srsd/srsd-feynman_hard/feynman-i.37.4/id_test.csv,sim-datasets-data/srsd/srsd-feynman_hard/feynman-i.37.4/ood_test.csv,sim-datasets-data/srsd/srsd-feynman_hard/feynman-i.37.4/metadata.yaml,yes
llmsr,iaaccn27,324,158,srsd,srsd-feynman_hard,feynman-i.39.22,sim-datasets-data/srsd/srsd-feynman_hard/feynman-i.39.22,sim-datasets-data/srsd/srsd-feynman_hard/feynman-i.39.22/train.csv,sim-datasets-data/srsd/srsd-feynman_hard/feynman-i.39.22/valid.csv,sim-datasets-data/srsd/srsd-feynman_hard/feynman-i.39.22/id_test.csv,sim-datasets-data/srsd/srsd-feynman_hard/feynman-i.39.22/ood_test.csv,sim-datasets-data/srsd/srsd-feynman_hard/feynman-i.39.22/metadata.yaml,yes
llmsr,iaaccn27,325,159,srsd,srsd-feynman_hard,feynman-i.40.1,sim-datasets-data/srsd/srsd-feynman_hard/feynman-i.40.1,sim-datasets-data/srsd/srsd-feynman_hard/feynman-i.40.1/train.csv,sim-datasets-data/srsd/srsd-feynman_hard/feynman-i.40.1/valid.csv,sim-datasets-data/srsd/srsd-feynman_hard/feynman-i.40.1/id_test.csv,sim-datasets-data/srsd/srsd-feynman_hard/feynman-i.40.1/ood_test.csv,sim-datasets-data/srsd/srsd-feynman_hard/feynman-i.40.1/metadata.yaml,yes
llmsr,iaaccn27,326,160,srsd,srsd-feynman_hard,feynman-i.41.16,sim-datasets-data/srsd/srsd-feynman_hard/feynman-i.41.16,sim-datasets-data/srsd/srsd-feynman_hard/feynman-i.41.16/train.csv,sim-datasets-data/srsd/srsd-feynman_hard/feynman-i.41.16/valid.csv,sim-datasets-data/srsd/srsd-feynman_hard/feynman-i.41.16/id_test.csv,sim-datasets-data/srsd/srsd-feynman_hard/feynman-i.41.16/ood_test.csv,sim-datasets-data/srsd/srsd-feynman_hard/feynman-i.41.16/metadata.yaml,yes
llmsr,iaaccn27,327,161,srsd,srsd-feynman_hard,feynman-i.44.4,sim-datasets-data/srsd/srsd-feynman_hard/feynman-i.44.4,sim-datasets-data/srsd/srsd-feynman_hard/feynman-i.44.4/train.csv,sim-datasets-data/srsd/srsd-feynman_hard/feynman-i.44.4/valid.csv,sim-datasets-data/srsd/srsd-feynman_hard/feynman-i.44.4/id_test.csv,sim-datasets-data/srsd/srsd-feynman_hard/feynman-i.44.4/ood_test.csv,sim-datasets-data/srsd/srsd-feynman_hard/feynman-i.44.4/metadata.yaml,yes
llmsr,iaaccn27,328,162,srsd,srsd-feynman_hard,feynman-i.50.26,sim-datasets-data/srsd/srsd-feynman_hard/feynman-i.50.26,sim-datasets-data/srsd/srsd-feynman_hard/feynman-i.50.26/train.csv,sim-datasets-data/srsd/srsd-feynman_hard/feynman-i.50.26/valid.csv,sim-datasets-data/srsd/srsd-feynman_hard/feynman-i.50.26/id_test.csv,sim-datasets-data/srsd/srsd-feynman_hard/feynman-i.50.26/ood_test.csv,sim-datasets-data/srsd/srsd-feynman_hard/feynman-i.50.26/metadata.yaml,yes
llmsr,iaaccn27,329,163,srsd,srsd-feynman_hard,feynman-i.6.20,sim-datasets-data/srsd/srsd-feynman_hard/feynman-i.6.20,sim-datasets-data/srsd/srsd-feynman_hard/feynman-i.6.20/train.csv,sim-datasets-data/srsd/srsd-feynman_hard/feynman-i.6.20/valid.csv,sim-datasets-data/srsd/srsd-feynman_hard/feynman-i.6.20/id_test.csv,sim-datasets-data/srsd/srsd-feynman_hard/feynman-i.6.20/ood_test.csv,sim-datasets-data/srsd/srsd-feynman_hard/feynman-i.6.20/metadata.yaml,yes
llmsr,iaaccn27,330,164,srsd,srsd-feynman_hard,feynman-i.6.20a,sim-datasets-data/srsd/srsd-feynman_hard/feynman-i.6.20a,sim-datasets-data/srsd/srsd-feynman_hard/feynman-i.6.20a/train.csv,sim-datasets-data/srsd/srsd-feynman_hard/feynman-i.6.20a/valid.csv,sim-datasets-data/srsd/srsd-feynman_hard/feynman-i.6.20a/id_test.csv,sim-datasets-data/srsd/srsd-feynman_hard/feynman-i.6.20a/ood_test.csv,sim-datasets-data/srsd/srsd-feynman_hard/feynman-i.6.20a/metadata.yaml,yes
llmsr,iaaccn27,331,165,srsd,srsd-feynman_hard,feynman-i.6.20b,sim-datasets-data/srsd/srsd-feynman_hard/feynman-i.6.20b,sim-datasets-data/srsd/srsd-feynman_hard/feynman-i.6.20b/train.csv,sim-datasets-data/srsd/srsd-feynman_hard/feynman-i.6.20b/valid.csv,sim-datasets-data/srsd/srsd-feynman_hard/feynman-i.6.20b/id_test.csv,sim-datasets-data/srsd/srsd-feynman_hard/feynman-i.6.20b/ood_test.csv,sim-datasets-data/srsd/srsd-feynman_hard/feynman-i.6.20b/metadata.yaml,yes
llmsr,iaaccn27,332,166,srsd,srsd-feynman_hard,feynman-i.9.18,sim-datasets-data/srsd/srsd-feynman_hard/feynman-i.9.18,sim-datasets-data/srsd/srsd-feynman_hard/feynman-i.9.18/train.csv,sim-datasets-data/srsd/srsd-feynman_hard/feynman-i.9.18/valid.csv,sim-datasets-data/srsd/srsd-feynman_hard/feynman-i.9.18/id_test.csv,sim-datasets-data/srsd/srsd-feynman_hard/feynman-i.9.18/ood_test.csv,sim-datasets-data/srsd/srsd-feynman_hard/feynman-i.9.18/metadata.yaml,yes
